MSSubClass,LotFrontage,LotArea,LotShape,Utilities,LandSlope,OverallQual,OverallCond,YearBuilt,YearRemodAdd,MasVnrArea,ExterQual,ExterCond,BsmtQual,BsmtCond,BsmtExposure,BsmtFinType1,BsmtFinSF1,BsmtFinType2,BsmtFinSF2,BsmtUnfSF,TotalBsmtSF,HeatingQC,Electrical,1stFlrSF,2ndFlrSF,LowQualFinSF,GrLivArea,BsmtFullBath,BsmtHalfBath,FullBath,HalfBath,BedroomAbvGr,KitchenAbvGr,KitchenQual,TotRmsAbvGrd,Functional,Fireplaces,FireplaceQu,GarageFinish,GarageCars,GarageArea,GarageQual,GarageCond,PavedDrive,WoodDeckSF,OpenPorchSF,EnclosedPorch,3SsnPorch,ScreenPorch,PoolArea,PoolQC,Fence,MiscVal,MoSold,YrSold,Magic,Target
60,59.91111111111111,11616,2,3,2,6,5,1978,1978,328.0,3,3,3.0,3.0,2.0,2.0,438,0.0,0,234,672,3,4.0,672,714,0,1386,0,0,2,1,3,1,3,6,7,1,3.0,3.0,2,440,3.0,3.0,2,335,0,0,0,0,0,0.0,4.0,0,4,2010,1,12.188582490937467
90,60.0,12900,3,3,2,4,4,1969,1969,0.0,3,3,4.0,3.0,3.0,5.0,1198,0.0,0,0,1198,3,4.0,1258,0,0,1258,2,0,0,2,0,2,3,6,7,0,0.0,1.0,2,400,2.0,3.0,2,120,0,0,0,0,0,0.0,0.0,0,1,2008,1,11.89307237242798
160,21.0,2217,3,3,2,4,4,1970,1970,0.0,3,3,3.0,3.0,1.0,3.0,273,1.0,273,0,546,3,4.0,546,546,0,1092,0,0,1,1,3,1,3,6,7,0,0.0,2.0,1,286,3.0,3.0,2,238,0,0,0,0,0,0.0,0.0,0,8,2009,1,11.723133596397135
20,57.0,9245,1,3,2,5,5,1994,1995,0.0,3,3,4.0,3.0,1.0,5.0,686,0.0,0,304,990,5,4.0,990,0,0,990,0,1,1,0,3,1,3,5,7,0,0.0,1.0,2,672,3.0,3.0,2,0,0,0,0,0,0,0.0,0.0,0,2,2008,1,12.105609340811093
50,75.0,13710,3,3,2,5,5,1950,1950,0.0,3,3,3.0,3.0,1.0,3.0,420,0.0,0,490,910,3,3.0,910,648,0,1558,0,0,1,1,4,1,3,6,7,0,0.0,1.0,1,282,3.0,3.0,2,289,0,0,0,0,0,0.0,3.0,0,6,2007,0,11.931635799828413
60,84.03980099502488,53107,1,3,1,6,5,1992,1992,0.0,4,3,4.0,3.0,3.0,5.0,985,0.0,0,595,1580,5,4.0,1079,874,0,1953,1,0,2,1,3,1,4,9,7,2,2.0,3.0,2,501,3.0,3.0,2,216,231,0,0,0,0,0.0,0.0,0,6,2007,1,12.521762077085086
160,41.0,2665,3,3,2,5,6,1977,1977,0.0,3,3,3.0,3.0,1.0,4.0,548,2.0,173,36,757,5,4.0,925,550,0,1475,0,0,2,0,4,1,3,6,7,1,3.0,2.0,1,336,3.0,3.0,2,104,26,0,0,0,0,0.0,0.0,0,7,2006,-1,11.440065148917794
30,60.0,8520,3,3,2,6,8,1928,2003,0.0,3,4,3.0,3.0,1.0,0.0,0,0.0,0,624,624,4,4.0,720,0,0,720,0,0,1,0,2,1,3,5,7,0,0.0,1.0,2,484,3.0,3.0,2,106,0,0,0,0,0,0.0,0.0,0,5,2010,-1,11.171279004530504
80,59.0,9587,2,3,2,7,5,2005,2005,182.0,4,3,4.0,3.0,4.0,5.0,655,0.0,0,201,856,5,4.0,1166,0,0,1166,1,0,2,0,2,1,4,5,7,0,0.0,3.0,2,400,3.0,3.0,2,212,0,0,0,0,0,0.0,0.0,0,7,2008,1,12.318464995206885
60,75.0,9000,3,3,2,8,5,2008,2008,0.0,4,3,4.0,3.0,1.0,0.0,0,0.0,0,768,768,5,4.0,786,804,0,1590,0,0,2,1,3,1,4,6,7,0,0.0,2.0,2,676,3.0,3.0,2,0,30,0,0,0,0,0.0,0.0,0,6,2009,1,12.411068708832474
60,77.0,11198,2,3,2,9,5,2005,2007,245.0,4,3,4.0,4.0,1.0,0.0,0,0.0,0,1122,1122,5,4.0,1134,1370,0,2504,0,0,2,1,4,1,5,11,7,1,4.0,3.0,3,656,3.0,3.0,2,144,39,0,0,0,0,0.0,0.0,0,6,2008,1,12.79272512478401
20,84.0,8658,3,3,2,6,5,1965,1965,101.0,3,3,3.0,3.0,1.0,2.0,643,0.0,0,445,1088,5,4.0,1324,0,0,1324,0,0,2,0,3,1,3,6,7,1,3.0,2.0,2,440,3.0,3.0,2,0,138,0,0,0,0,0.0,2.0,0,12,2006,1,12.18453469298568
60,84.03980099502488,13869,1,3,2,6,6,1997,1997,0.0,3,3,4.0,3.0,3.0,5.0,182,0.0,0,612,794,4,4.0,794,676,0,1470,0,1,2,0,3,1,3,6,7,0,0.0,3.0,2,388,3.0,3.0,2,0,75,0,0,0,0,0.0,0.0,0,7,2007,1,12.265869084353703
80,59.91111111111111,17871,2,3,2,6,5,1967,1976,359.0,3,3,4.0,3.0,3.0,4.0,528,0.0,0,1152,1680,2,4.0,1724,0,0,1724,1,0,1,1,3,1,3,7,7,1,4.0,2.0,2,480,3.0,3.0,2,0,0,0,0,0,0,0.0,0.0,0,6,2009,1,12.363559601080839
180,21.0,1533,3,3,2,5,7,1970,1970,0.0,3,3,4.0,3.0,3.0,5.0,553,0.0,0,77,630,5,4.0,630,0,0,630,1,0,1,0,1,1,5,3,7,0,0.0,0.0,0,0,0.0,0.0,2,0,0,0,0,0,0,0.0,0.0,0,8,2006,1,11.746800373591347
60,77.0,9206,3,3,2,6,5,1985,1985,336.0,4,3,4.0,3.0,1.0,0.0,0,0.0,0,741,741,3,4.0,977,755,0,1732,0,0,2,1,3,1,4,7,7,1,3.0,3.0,2,476,3.0,3.0,2,192,46,0,0,0,0,0.0,0.0,0,6,2010,-1,11.873537166957648
20,84.03980099502488,10920,2,3,2,6,5,1960,1960,212.0,3,3,3.0,3.0,1.0,3.0,733,0.0,0,520,1253,3,4.0,1253,0,0,1253,1,0,1,1,2,1,3,5,7,1,2.0,2.0,1,352,3.0,3.0,2,0,213,176,0,0,0,0.0,2.0,0,5,2008,-1,11.72581597570601
120,32.0,4500,3,3,2,6,5,1998,1998,320.0,3,3,5.0,3.0,1.0,5.0,866,0.0,0,338,1204,5,4.0,1204,0,0,1204,1,0,2,0,2,1,3,5,7,0,0.0,3.0,2,412,3.0,3.0,2,0,247,0,0,0,0,0.0,0.0,0,6,2009,-1,11.744254984042245
60,76.0,10142,2,3,2,7,5,2004,2004,0.0,4,3,4.0,3.0,1.0,5.0,656,0.0,0,300,956,5,4.0,956,1128,0,2084,1,0,2,1,4,1,4,8,7,0,0.0,2.0,2,618,3.0,3.0,2,0,45,0,0,0,0,0.0,0.0,0,1,2010,-1,12.190548869180372
50,60.0,10440,3,3,2,6,7,1920,1950,0.0,4,4,4.0,3.0,1.0,1.0,493,0.0,0,1017,1510,5,4.0,1584,1208,0,2792,0,0,2,0,5,1,3,8,4,2,3.0,1.0,2,520,2.0,3.0,2,0,547,0,0,480,0,0.0,3.0,1150,6,2008,0,12.4529327234617
30,50.0,9340,3,3,2,4,6,1941,1950,0.0,3,3,3.0,3.0,1.0,2.0,344,0.0,0,328,672,3,4.0,672,0,0,672,1,0,1,0,2,1,3,4,7,0,0.0,1.0,1,234,3.0,3.0,0,0,113,0,0,0,0,0.0,0.0,0,8,2009,0,11.635143097694478
50,60.0,7200,3,3,2,5,4,1950,1982,0.0,3,3,3.0,3.0,1.0,2.0,180,3.0,352,676,1208,4,3.0,1136,768,0,1904,1,0,1,1,3,1,3,7,6,0,0.0,1.0,1,240,3.0,3.0,2,0,0,168,0,0,0,0.0,4.0,0,5,2009,1,12.058932955461081
20,88.0,10994,2,3,2,8,5,2005,2006,366.0,4,3,4.0,4.0,1.0,5.0,976,0.0,0,868,1844,5,4.0,1844,0,0,1844,1,0,2,0,2,1,4,7,7,1,4.0,3.0,2,620,3.0,3.0,2,165,44,0,0,0,0,0.0,0.0,0,9,2009,0,12.456831363877356
120,59.0,4282,1,3,2,7,5,2004,2004,0.0,4,3,4.0,3.0,2.0,5.0,16,0.0,0,1375,1391,5,4.0,1391,0,0,1391,0,0,2,0,2,1,4,5,7,0,0.0,2.0,2,530,3.0,3.0,2,156,158,0,0,0,0,0.0,0.0,0,7,2008,1,12.344742193301354
30,50.0,6305,3,3,2,5,7,1938,1950,0.0,3,4,2.0,2.0,1.0,0.0,0,0.0,0,920,920,5,4.0,954,0,0,954,0,0,1,0,2,1,2,5,7,1,4.0,1.0,1,240,2.0,3.0,2,0,0,0,0,0,0,0.0,3.0,0,6,2007,1,11.952142662597508
50,130.0,9600,2,3,2,5,7,1940,1950,0.0,4,4,3.0,2.0,1.0,2.0,428,0.0,0,300,728,5,4.0,976,332,0,1308,1,0,1,1,2,1,3,7,5,2,3.0,1.0,1,256,3.0,3.0,2,0,70,0,0,0,0,0.0,0.0,0,6,2009,1,12.180294548581543
120,43.0,3182,3,3,2,7,5,2005,2006,11.0,4,3,4.0,3.0,1.0,5.0,16,0.0,0,1129,1145,5,4.0,1145,0,0,1145,0,0,2,0,2,1,4,5,7,1,4.0,3.0,2,397,3.0,3.0,2,100,16,0,0,0,0,0.0,0.0,0,9,2009,-1,11.73822800967171
60,60.0,15384,2,3,2,7,5,2004,2005,0.0,4,3,4.0,3.0,3.0,5.0,724,0.0,0,64,788,5,4.0,788,702,0,1490,1,0,2,1,3,1,4,8,7,1,4.0,3.0,2,388,3.0,3.0,2,100,75,0,0,0,0,0.0,0.0,0,2,2008,1,12.29824071548367
60,70.0,8462,2,3,2,6,5,1994,1994,105.0,4,4,4.0,4.0,1.0,5.0,814,0.0,0,114,928,5,4.0,936,785,0,1721,0,1,2,1,3,1,4,7,7,0,0.0,2.0,2,471,3.0,3.0,2,300,87,0,0,0,0,0.0,0.0,0,7,2007,-1,12.022428816606913
20,59.91111111111111,12772,2,3,2,6,8,1960,1998,0.0,3,4,3.0,3.0,2.0,3.0,498,0.0,0,460,958,3,4.0,958,0,0,958,0,0,1,0,2,1,3,5,7,0,0.0,2.0,1,301,3.0,3.0,2,0,0,0,0,0,0,0.0,0.0,15500,4,2007,-1,11.677999843427942
50,60.0,5586,2,3,2,6,7,1920,1998,0.0,3,3,3.0,3.0,1.0,0.0,0,0.0,0,901,901,4,4.0,1088,110,0,1198,0,0,1,0,4,1,3,7,7,0,0.0,0.0,0,0,0.0,0.0,0,0,98,0,0,0,0,0.0,3.0,0,9,2008,1,11.633910194815954
20,73.0,8688,3,3,2,7,5,2005,2005,228.0,4,3,4.0,3.0,3.0,0.0,0,0.0,0,1616,1616,5,4.0,1616,0,0,1616,0,0,2,0,3,1,4,7,7,0,0.0,2.0,3,834,3.0,3.0,2,208,59,0,0,0,0,0.0,0.0,0,4,2006,-1,12.189324689160998
60,88.0,14200,3,3,2,7,6,1966,1966,309.0,3,3,3.0,3.0,1.0,2.0,445,0.0,0,479,924,5,4.0,1216,941,0,2157,0,0,2,1,4,1,4,8,7,2,4.0,3.0,2,487,3.0,3.0,2,105,66,0,0,0,0,0.0,4.0,0,5,2006,-1,12.168114584737333
120,35.0,4274,2,3,2,7,5,2006,2007,0.0,4,3,4.0,3.0,1.0,5.0,1106,0.0,0,135,1241,5,4.0,1241,0,0,1241,1,0,1,1,1,1,4,4,7,0,0.0,3.0,2,569,3.0,3.0,2,0,116,0,0,0,0,0.0,0.0,0,11,2007,0,12.205572520488492
20,50.0,5000,3,3,1,1,3,1946,1950,0.0,2,2,0.0,0.0,0.0,0.0,0,0.0,0,0,0,2,2.0,334,0,0,334,0,0,1,0,1,1,2,2,7,0,0.0,0.0,0,0,0.0,0.0,0,0,0,0,0,0,0,0.0,0.0,0,1,2007,-1,8.381620814232674
20,90.0,11988,2,3,2,6,6,1957,1957,0.0,3,3,3.0,3.0,1.0,2.0,777,0.0,0,467,1244,5,3.0,1244,0,0,1244,0,0,1,1,3,1,3,6,7,2,4.0,1.0,1,336,3.0,3.0,2,0,40,0,0,0,0,0.0,0.0,0,5,2007,-1,11.64795133861814
90,35.0,9400,2,3,2,6,5,1975,1975,250.0,3,3,4.0,4.0,4.0,5.0,945,0.0,0,0,945,3,4.0,980,0,0,980,0,2,2,0,4,0,3,4,7,0,0.0,0.0,0,0,0.0,0.0,2,0,0,0,0,0,0,0.0,0.0,0,10,2006,1,11.990701687795763
90,94.0,9400,3,3,2,6,5,1971,1971,0.0,3,3,3.0,3.0,3.0,0.0,0,0.0,0,912,912,3,4.0,912,912,0,1824,0,0,2,2,4,2,3,8,7,0,0.0,0.0,0,0,0.0,0.0,2,128,0,0,0,0,0,0.0,0.0,0,4,2010,1,12.06757776030147
50,60.0,10440,3,3,2,5,6,1910,1981,0.0,3,3,3.0,3.0,1.0,0.0,0,0.0,0,440,440,4,4.0,682,548,0,1230,0,0,1,1,2,1,3,5,7,0,0.0,1.0,2,440,3.0,3.0,2,74,0,128,0,0,0,0.0,3.0,0,5,2009,0,11.608235644774552
20,67.7156862745098,11616,3,3,2,5,5,1962,1962,116.0,3,3,3.0,3.0,1.0,1.0,170,3.0,670,252,1092,3,4.0,1092,0,0,1092,0,1,1,0,3,1,3,6,7,1,1.0,1.0,1,288,3.0,3.0,2,0,20,144,0,0,0,0.0,0.0,0,9,2009,1,12.066611065365965
90,60.0,8544,3,3,2,3,4,1950,1950,0.0,3,3,0.0,0.0,0.0,0.0,0,0.0,0,0,0,4,2.0,1040,0,0,1040,0,0,2,0,2,2,3,6,7,0,0.0,1.0,2,400,3.0,3.0,2,0,0,0,0,0,0,0.0,0.0,0,7,2006,0,11.44571671527678
160,30.0,3000,3,3,2,6,5,2009,2009,76.0,4,3,4.0,3.0,3.0,5.0,294,0.0,0,318,612,5,4.0,612,612,0,1224,0,0,2,1,2,1,4,4,7,0,0.0,2.0,2,528,3.0,3.0,2,0,234,0,0,0,0,0.0,0.0,0,6,2009,-1,11.83850730386707
120,44.0,4224,3,3,2,5,7,1976,1976,0.0,3,3,4.0,3.0,1.0,5.0,840,0.0,0,200,1040,3,4.0,1060,0,0,1060,1,0,1,0,3,1,3,6,7,1,3.0,1.0,2,572,3.0,3.0,2,100,110,0,0,0,0,0.0,0.0,0,6,2007,1,12.004416892809306
20,65.0,8450,3,3,2,7,5,2000,2001,108.0,3,3,4.0,3.0,1.0,0.0,0,0.0,0,1349,1349,5,4.0,1349,0,0,1349,0,0,2,0,3,1,3,6,7,0,0.0,1.0,2,539,3.0,3.0,2,120,55,0,0,0,0,0.0,4.0,0,12,2007,-1,11.890271403789678
30,60.0,7879,3,3,2,4,5,1920,1950,0.0,3,3,3.0,3.0,1.0,2.0,495,0.0,0,225,720,3,3.0,720,0,0,720,0,0,1,0,2,1,3,4,7,0,0.0,0.0,0,0,0.0,0.0,0,0,523,115,0,0,0,0.0,2.0,0,11,2009,0,10.460242108190519
120,36.0,4435,3,3,2,6,5,2003,2003,170.0,4,3,4.0,3.0,3.0,5.0,659,0.0,0,189,848,5,4.0,848,0,0,848,1,0,1,0,1,1,4,3,7,0,0.0,3.0,2,420,3.0,3.0,2,140,0,0,0,0,0,0.0,0.0,0,11,2007,1,12.01891296395691
80,63.515151515151516,10784,2,3,2,7,5,1991,1992,76.0,4,3,4.0,3.0,1.0,0.0,0,0.0,0,384,384,4,4.0,802,670,0,1472,0,0,2,1,3,1,4,7,7,1,3.0,2.0,2,402,3.0,3.0,2,164,0,0,0,0,0,0.0,0.0,0,5,2007,1,12.177408640119898
40,40.0,5400,3,3,2,6,7,1926,2004,0.0,3,4,3.0,3.0,2.0,1.0,370,0.0,0,779,1149,4,3.0,1149,467,0,1616,0,0,2,0,3,1,4,5,7,0,0.0,1.0,1,216,3.0,3.0,2,0,0,183,0,0,0,0.0,0.0,0,10,2007,-1,11.661661143282231
90,60.0,9000,3,3,2,5,5,1974,1974,0.0,3,3,4.0,3.0,1.0,0.0,0,0.0,0,896,896,3,4.0,896,896,0,1792,0,0,2,2,4,2,3,8,7,0,0.0,0.0,0,0,0.0,0.0,2,32,45,0,0,0,0,0.0,0.0,0,9,2009,0,11.820410164718188
60,78.0,11700,3,3,2,6,6,1968,1968,0.0,3,3,3.0,3.0,1.0,2.0,298,0.0,0,429,727,5,4.0,829,727,0,1556,0,0,1,1,4,1,3,8,7,0,0.0,1.0,2,441,3.0,3.0,2,0,0,0,0,0,0,0.0,0.0,0,5,2009,-1,11.683962727239066
50,55.0,8800,3,3,2,4,7,1910,2004,0.0,3,3,3.0,2.0,1.0,0.0,0,0.0,0,576,576,4,4.0,792,348,0,1140,0,0,1,0,3,1,3,7,5,0,0.0,0.0,0,0,0.0,0.0,0,0,160,0,0,0,0,0.0,0.0,0,6,2010,-1,11.036686722591615
20,104.0,11361,3,3,2,6,5,1976,1976,160.0,3,3,4.0,3.0,1.0,4.0,644,0.0,0,549,1193,3,4.0,1523,0,0,1523,0,1,2,0,3,1,3,7,7,1,3.0,3.0,2,478,3.0,3.0,2,0,0,0,0,189,0,0.0,3.0,0,5,2008,1,12.279605008822793
60,80.0,9760,3,3,1,6,6,1964,1964,360.0,3,3,3.0,3.0,4.0,5.0,674,1.0,106,0,780,3,4.0,798,813,0,1611,1,0,1,1,4,1,3,7,7,0,0.0,2.0,2,442,3.0,3.0,2,328,128,0,0,189,0,0.0,0.0,0,6,2008,0,12.031123843065632
20,85.0,11049,3,3,2,8,5,2007,2007,0.0,4,3,5.0,3.0,3.0,0.0,0,0.0,0,1234,1234,5,4.0,1234,0,0,1234,0,0,2,0,3,1,4,7,7,0,0.0,2.0,2,484,3.0,3.0,2,0,30,0,0,0,0,0.0,0.0,0,1,2008,-1,11.883892272519633
60,76.0,9291,2,3,2,6,5,1993,1993,120.0,4,3,4.0,3.0,1.0,5.0,426,0.0,0,406,832,5,4.0,832,878,0,1710,0,0,2,1,3,1,4,7,7,0,0.0,2.0,2,506,3.0,3.0,2,144,70,0,0,0,0,0.0,0.0,0,6,2008,-1,11.93541692027326
60,80.0,9554,2,3,2,8,5,1993,1994,125.0,4,3,4.0,3.0,1.0,5.0,380,0.0,0,397,777,5,4.0,1065,846,0,1911,0,0,2,1,3,1,4,8,7,1,3.0,2.0,2,471,3.0,3.0,2,182,81,0,0,0,0,0.0,0.0,0,9,2006,1,12.426843809260072
60,75.0,9000,3,3,2,8,5,2007,2007,0.0,4,3,4.0,3.0,3.0,5.0,64,0.0,0,1120,1184,5,4.0,1184,1426,0,2610,0,0,2,1,4,1,5,11,7,1,4.0,3.0,2,550,3.0,3.0,2,208,364,0,0,0,0,0.0,0.0,0,8,2007,0,12.623061104072981
20,49.0,8235,2,3,2,5,7,1955,1995,0.0,3,4,3.0,3.0,1.0,1.0,180,2.0,645,0,825,3,4.0,825,0,0,825,1,0,1,0,2,1,3,4,7,0,0.0,2.0,2,720,3.0,3.0,2,140,50,0,0,0,0,0.0,3.0,0,6,2008,1,11.98165925464809
120,61.0,7577,2,3,2,6,5,2005,2006,256.0,4,3,4.0,3.0,3.0,4.0,20,0.0,0,1342,1362,5,4.0,1362,0,0,1362,0,0,2,0,2,1,4,6,7,1,4.0,2.0,2,460,3.0,3.0,2,192,28,0,0,0,0,0.0,0.0,0,6,2007,1,12.347619775978929
20,60.0,10434,3,3,2,4,5,1955,1955,0.0,3,3,3.0,3.0,1.0,0.0,0,0.0,0,1005,1005,3,4.0,1005,0,0,1005,0,0,1,0,2,1,2,5,7,1,3.0,1.0,2,672,2.0,2.0,2,0,0,0,0,0,0,0.0,0.0,0,11,2009,1,11.910741359543756
60,84.03980099502488,10832,2,3,2,7,5,1994,1996,0.0,4,3,4.0,3.0,1.0,0.0,0,0.0,0,712,712,5,4.0,1086,809,0,1895,0,0,2,1,3,1,4,7,7,1,3.0,3.0,2,409,3.0,3.0,2,143,46,0,0,0,0,0.0,0.0,500,10,2008,0,12.178187442040638
120,32.0,4500,3,3,2,6,5,1998,1998,116.0,3,3,5.0,3.0,1.0,5.0,897,0.0,0,319,1216,5,4.0,1216,0,0,1216,1,0,2,0,2,1,3,5,7,0,0.0,1.0,2,402,3.0,3.0,2,0,125,0,0,0,0,0.0,0.0,0,5,2006,1,12.202082011711727
20,67.7156862745098,13284,3,3,2,5,5,1954,1954,0.0,3,3,4.0,3.0,2.0,3.0,1064,0.0,0,319,1383,3,4.0,1383,0,0,1383,1,0,1,0,3,1,3,6,7,1,4.0,1.0,1,354,3.0,3.0,2,511,116,0,0,0,0,0.0,4.0,0,6,2008,1,12.208605804527572
60,108.0,14774,2,3,2,9,5,1999,1999,165.0,4,3,4.0,3.0,1.0,0.0,0,0.0,0,1393,1393,5,4.0,1422,1177,0,2599,0,0,2,1,4,1,4,10,7,1,3.0,3.0,3,779,3.0,3.0,2,668,30,0,0,0,0,0.0,0.0,0,5,2010,1,12.817583156447952
20,84.03980099502488,8926,2,3,2,4,3,1956,1956,0.0,3,3,3.0,3.0,1.0,0.0,0,0.0,0,672,672,5,3.0,960,0,0,960,0,0,1,0,3,1,3,5,7,0,0.0,1.0,1,288,3.0,3.0,2,64,0,0,0,160,0,0.0,3.0,0,10,2009,-1,11.23709915529246
90,81.0,11841,3,3,2,6,5,1990,1990,104.0,3,4,4.0,3.0,3.0,5.0,816,0.0,0,0,816,3,4.0,816,0,0,816,1,0,1,0,3,1,3,5,7,0,0.0,0.0,0,0,0.0,0.0,2,0,32,0,0,0,0,0.0,0.0,0,5,2007,1,11.938746720919161
60,100.0,13000,3,3,2,6,6,1968,1968,576.0,3,4,4.0,3.0,1.0,2.0,448,0.0,0,448,896,3,4.0,1182,960,0,2142,0,0,2,1,4,1,4,8,7,1,4.0,3.0,1,509,3.0,3.0,2,0,72,0,0,252,0,0.0,0.0,0,6,2009,1,12.33832966197291
20,86.0,11210,2,3,2,7,5,2005,2006,240.0,4,3,4.0,3.0,3.0,5.0,20,0.0,0,1594,1614,5,4.0,1614,0,0,1614,0,0,2,0,3,1,4,7,7,0,0.0,2.0,3,865,3.0,3.0,2,144,59,0,0,0,0,0.0,0.0,0,7,2006,1,12.457305220314241
160,67.7156862745098,2117,3,3,2,6,5,2000,2000,216.0,4,3,4.0,3.0,1.0,5.0,378,0.0,0,378,756,5,4.0,769,804,0,1573,0,0,2,1,3,1,4,5,7,0,0.0,1.0,2,440,3.0,3.0,2,0,32,0,0,0,0,0.0,0.0,0,6,2010,-1,11.871134803927692
120,51.0,3635,3,3,2,7,5,2007,2007,130.0,4,3,4.0,3.0,1.0,4.0,988,0.0,0,398,1386,5,4.0,1569,0,0,1569,0,1,2,0,1,1,4,7,7,1,3.0,2.0,3,660,3.0,3.0,2,143,20,0,0,0,0,0.0,0.0,0,5,2009,-1,11.851850191710392
20,67.7156862745098,6853,2,3,2,8,5,2001,2002,136.0,4,3,5.0,3.0,1.0,5.0,1005,0.0,0,262,1267,5,4.0,1296,0,0,1296,1,0,2,0,2,1,4,6,7,0,0.0,3.0,2,471,3.0,3.0,2,192,25,0,0,0,0,0.0,0.0,0,6,2009,-1,12.125547862677795
20,67.7156862745098,10708,2,3,2,5,5,1955,1993,0.0,4,3,3.0,3.0,1.0,1.0,379,3.0,768,470,1617,5,3.0,1867,0,0,1867,1,0,1,0,2,1,3,7,7,3,4.0,3.0,1,303,3.0,3.0,2,476,0,0,0,142,0,0.0,2.0,0,11,2009,0,12.154779351142624
20,75.0,11310,3,3,2,6,5,1954,1954,0.0,3,3,3.0,3.0,1.0,0.0,0,0.0,0,1367,1367,5,4.0,1375,0,0,1375,0,0,1,0,2,1,3,5,7,1,3.0,1.0,2,451,3.0,3.0,2,0,30,0,0,0,0,0.0,0.0,0,6,2006,1,12.06880095681065
20,72.0,10011,2,3,2,5,6,1957,1996,64.0,3,3,3.0,3.0,1.0,3.0,360,0.0,0,710,1070,3,4.0,1236,0,0,1236,0,1,1,0,2,1,4,6,6,1,2.0,1.0,1,447,3.0,3.0,2,0,0,0,0,0,0,0.0,3.0,0,5,2006,-1,11.499749347731091
30,60.0,8400,3,3,2,2,5,1920,1950,0.0,3,3,3.0,2.0,1.0,2.0,290,0.0,0,0,290,3,2.0,438,0,0,438,0,0,1,0,1,1,2,3,7,0,0.0,1.0,1,246,3.0,3.0,0,0,0,0,0,0,0,0.0,0.0,0,1,2009,-1,10.089289392998406
60,96.0,10542,3,3,2,7,5,1993,1994,651.0,4,3,4.0,3.0,4.0,5.0,1173,0.0,0,138,1311,5,4.0,1325,1093,0,2418,1,0,2,1,3,1,4,9,7,1,3.0,2.0,3,983,3.0,3.0,2,250,154,216,0,0,0,0.0,0.0,0,8,2008,-1,12.63096701827387
20,100.0,21750,3,3,1,5,5,1954,1954,0.0,3,3,3.0,3.0,1.0,0.0,0,0.0,0,988,988,5,3.0,988,0,0,988,0,0,1,0,2,1,3,4,7,0,0.0,2.0,2,520,3.0,3.0,0,0,0,0,0,0,0,0.0,0.0,0,2,2008,1,11.903283946083166
190,60.0,10800,3,3,2,5,4,1900,1970,0.0,3,2,3.0,2.0,1.0,3.0,664,0.0,0,290,954,3,3.0,1766,648,0,2414,0,0,2,0,3,2,3,10,4,1,4.0,1.0,2,520,3.0,2.0,0,142,0,0,0,0,0,0.0,0.0,0,5,2006,1,12.189369631803565
90,70.0,9842,3,3,2,4,5,1962,1962,0.0,3,3,0.0,0.0,0.0,0.0,0,0.0,0,0,0,3,4.0,1224,0,0,1224,0,0,2,0,2,2,3,6,7,0,0.0,1.0,2,462,3.0,3.0,2,0,0,0,0,0,0,0.0,0.0,0,3,2007,-1,11.075806781740425
50,50.0,6000,3,3,2,5,8,1925,1997,0.0,3,3,3.0,3.0,1.0,0.0,0,0.0,0,884,884,5,4.0,884,464,0,1348,1,0,1,0,3,1,3,5,7,1,2.0,1.0,1,216,3.0,3.0,0,0,0,208,0,0,0,0.0,0.0,0,5,2009,0,11.669929213779893
20,80.0,10386,3,3,2,8,5,2004,2005,246.0,4,3,4.0,3.0,1.0,5.0,1464,0.0,0,536,2000,5,4.0,2000,0,0,2000,1,0,2,0,3,1,4,8,7,0,0.0,3.0,3,888,3.0,3.0,2,168,0,0,0,0,0,0.0,0.0,0,7,2007,-1,12.509071832067205
20,65.0,6768,2,3,2,6,8,1961,1996,0.0,3,4,3.0,3.0,2.0,5.0,832,0.0,0,80,912,4,4.0,912,0,0,912,1,1,1,0,3,1,4,5,7,0,0.0,1.0,1,288,3.0,3.0,2,168,0,0,0,0,0,0.0,4.0,0,5,2008,1,12.089619556718024
85,80.0,8800,3,3,2,6,7,1963,1963,156.0,3,4,3.0,3.0,4.0,5.0,763,0.0,0,173,936,5,4.0,1054,0,0,1054,1,0,1,0,3,1,4,6,7,0,0.0,2.0,2,480,3.0,3.0,2,120,0,0,0,0,0,0.0,3.0,0,5,2010,-1,11.513467798084868
120,60.0,7313,3,3,2,9,5,2005,2005,246.0,5,3,5.0,3.0,1.0,5.0,1153,0.0,0,408,1561,5,4.0,1561,0,0,1561,1,0,2,0,2,1,5,6,7,1,4.0,3.0,2,556,3.0,3.0,2,203,47,0,0,0,0,0.0,0.0,0,8,2007,1,12.654988433853726
80,80.0,9600,3,3,2,6,6,1955,1972,164.0,3,3,3.0,3.0,3.0,3.0,674,1.0,132,350,1156,5,4.0,1520,0,0,1520,1,0,1,0,3,1,3,7,7,2,4.0,2.0,1,364,3.0,3.0,2,0,0,189,0,0,0,0.0,0.0,0,3,2010,1,12.13891948348818
50,50.0,6000,3,3,2,6,7,1929,1950,0.0,3,3,3.0,3.0,1.0,0.0,0,0.0,0,862,862,3,4.0,950,208,0,1158,0,0,1,0,3,1,3,5,7,1,4.0,2.0,1,208,3.0,3.0,2,0,0,112,0,0,0,0.0,0.0,0,7,2008,-1,11.366130803224047
60,69.0,9337,2,3,2,6,5,1997,1997,0.0,3,4,4.0,3.0,1.0,5.0,648,0.0,0,176,824,5,4.0,905,881,0,1786,1,0,2,1,3,1,4,7,7,0,0.0,2.0,2,684,3.0,3.0,2,0,162,0,0,0,0,0.0,0.0,0,5,2007,-1,12.044389297149785
20,50.0,7207,2,3,2,5,7,1958,2008,0.0,3,4,3.0,3.0,4.0,3.0,696,0.0,0,162,858,4,4.0,858,0,0,858,1,0,1,0,2,1,3,4,7,0,0.0,0.0,0,0,0.0,0.0,2,117,0,0,0,0,0,0.0,0.0,0,2,2010,1,11.932094689786995
20,80.0,10400,3,3,2,7,5,1976,1976,189.0,3,3,4.0,3.0,1.0,0.0,0,0.0,0,1090,1090,3,4.0,1370,0,0,1370,0,0,2,0,3,1,3,6,7,1,3.0,2.0,2,479,3.0,3.0,2,0,0,0,0,0,0,0.0,3.0,0,6,2009,1,12.13440286087876
90,75.0,9825,3,3,2,5,5,1965,1965,0.0,3,3,0.0,0.0,0.0,0.0,0,0.0,0,0,0,3,4.0,1664,0,0,1664,0,0,2,0,4,2,3,8,7,0,0.0,0.0,0,0,0.0,0.0,2,0,0,0,0,0,0,0.0,0.0,0,5,2010,1,11.809057471870252
20,98.0,11428,2,3,2,8,5,2006,2006,248.0,4,3,4.0,3.0,1.0,0.0,0,0.0,0,1626,1626,5,4.0,1634,0,0,1634,0,0,2,0,3,1,4,7,7,1,4.0,2.0,3,866,3.0,3.0,2,0,44,0,0,0,0,0.0,0.0,0,5,2007,-1,12.280857715158417
20,88.0,7990,2,3,2,5,6,1975,1975,0.0,3,3,4.0,3.0,1.0,0.0,0,0.0,0,924,924,3,4.0,924,0,0,924,0,0,1,0,3,1,3,5,7,0,0.0,1.0,1,280,3.0,3.0,2,0,0,0,0,0,0,0.0,3.0,0,4,2008,-1,11.220784638963567
20,75.0,11235,3,3,2,4,5,1963,1979,51.0,3,3,3.0,3.0,1.0,2.0,547,0.0,0,504,1051,4,4.0,1382,0,0,1382,0,0,1,1,3,1,3,6,7,1,1.0,1.0,2,459,3.0,3.0,2,0,82,0,0,0,0,0.0,0.0,0,10,2006,1,12.117134115688739
60,64.0,8791,2,3,2,6,5,2003,2003,0.0,4,3,4.0,3.0,1.0,2.0,503,0.0,0,361,864,5,4.0,864,864,0,1728,0,0,2,1,3,1,4,7,7,0,0.0,2.0,2,673,3.0,3.0,2,216,56,0,0,0,0,0.0,0.0,0,5,2008,1,12.403967765527064
60,63.0,7875,3,3,2,7,5,2003,2003,0.0,4,3,4.0,3.0,1.0,0.0,0,0.0,0,783,783,5,4.0,807,702,0,1509,0,0,2,1,3,1,4,8,7,1,4.0,3.0,2,393,3.0,3.0,2,0,75,0,0,0,0,0.0,0.0,0,7,2006,0,12.100712129872347
20,65.0,8529,2,3,2,7,5,2001,2001,0.0,4,3,4.0,3.0,1.0,5.0,20,0.0,0,1434,1454,5,4.0,1434,0,0,1434,0,0,2,0,3,1,4,6,7,1,3.0,2.0,2,527,3.0,3.0,2,290,39,0,0,0,0,0.0,0.0,0,4,2009,-1,11.93522550388023
50,59.0,16466,2,3,2,5,7,1955,1955,0.0,3,4,3.0,3.0,1.0,0.0,0,0.0,0,816,816,3,4.0,872,521,0,1393,0,0,1,1,3,1,3,8,7,0,0.0,1.0,1,300,3.0,3.0,2,121,0,0,0,265,0,0.0,0.0,0,4,2008,-1,11.499366888230435
20,84.03980099502488,8780,2,3,2,5,5,1985,1985,0.0,3,3,3.0,3.0,1.0,4.0,625,0.0,0,208,833,5,4.0,833,0,0,833,1,0,1,0,3,1,3,5,7,0,0.0,0.0,0,0,0.0,0.0,2,0,0,0,0,0,0,0.0,3.0,0,3,2009,-1,11.242179781294768
40,67.7156862745098,23595,3,3,0,7,6,1979,1979,0.0,4,3,4.0,3.0,4.0,5.0,1258,0.0,0,74,1332,3,4.0,1332,192,0,1524,2,0,0,1,0,1,4,4,7,1,3.0,3.0,2,586,3.0,3.0,2,268,0,0,0,0,0,0.0,0.0,0,4,2010,1,12.591661837675629
60,66.0,7399,2,3,2,7,5,1997,1998,1600.0,4,3,4.0,3.0,1.0,3.0,649,0.0,0,326,975,5,4.0,975,975,0,1950,0,0,2,1,3,1,4,7,7,1,3.0,2.0,2,576,3.0,3.0,2,0,10,0,0,198,0,0.0,0.0,0,6,2007,-1,12.224367766909705
20,65.0,8767,2,3,2,7,5,2005,2005,0.0,4,3,4.0,3.0,3.0,5.0,24,0.0,0,1286,1310,5,4.0,1310,0,0,1310,0,0,2,0,3,1,4,6,7,1,4.0,3.0,2,400,3.0,3.0,2,0,0,0,0,0,0,0.0,0.0,0,7,2006,0,12.01364014498549
120,59.0,8198,3,3,2,7,5,2004,2004,146.0,4,3,4.0,3.0,3.0,5.0,720,0.0,0,638,1358,5,4.0,1358,0,0,1358,1,0,2,0,2,1,4,6,7,1,4.0,2.0,2,484,3.0,3.0,2,192,30,0,0,0,0,0.0,0.0,0,7,2008,-1,12.059179012839357
120,43.0,3013,3,3,2,7,5,2005,2005,145.0,4,3,4.0,3.0,4.0,5.0,16,0.0,0,1346,1362,5,4.0,1506,0,0,1506,0,0,2,0,2,1,4,6,7,1,4.0,3.0,2,440,3.0,3.0,2,142,20,0,0,0,0,0.0,0.0,0,4,2006,1,12.421208678738159
60,67.7156862745098,11885,3,3,2,8,5,2001,2001,108.0,4,3,4.0,3.0,3.0,5.0,990,0.0,0,309,1299,5,4.0,1299,573,0,1872,1,0,2,1,3,1,5,7,7,1,3.0,2.0,2,531,3.0,3.0,2,160,122,0,0,0,0,0.0,0.0,0,11,2009,0,12.474189562487116
20,80.0,9600,3,3,2,6,6,1958,1988,183.0,3,3,3.0,3.0,1.0,2.0,620,1.0,620,0,1240,4,4.0,1632,0,0,1632,1,0,2,0,3,1,3,6,6,1,4.0,2.0,1,338,3.0,3.0,2,289,0,0,0,0,0,0.0,3.0,0,4,2009,1,12.0668693871629
80,65.0,8385,3,3,2,5,8,1977,1977,220.0,4,3,4.0,4.0,3.0,5.0,595,0.0,0,390,985,3,4.0,985,0,0,985,0,0,2,0,3,1,3,6,7,0,0.0,1.0,1,328,3.0,3.0,2,210,0,0,0,0,0,0.0,0.0,0,11,2008,1,12.124065435271833
50,51.0,6120,3,3,2,7,5,1931,1950,0.0,3,3,3.0,3.0,1.0,0.0,0,0.0,0,952,952,4,2.0,1022,752,0,1774,0,0,2,0,2,2,3,8,6,2,3.0,1.0,2,468,2.0,3.0,2,90,0,205,0,0,0,0.0,0.0,0,4,2008,1,12.01024342328569
50,60.0,8400,3,3,2,6,5,1925,1950,0.0,3,3,3.0,3.0,1.0,2.0,423,0.0,0,758,1181,2,4.0,1390,304,0,1694,0,0,2,0,4,1,3,7,7,1,4.0,1.0,2,576,3.0,3.0,2,342,0,128,0,0,0,0.0,0.0,0,6,2008,0,11.824079893607152
60,80.0,10480,3,3,2,7,6,1976,1976,660.0,3,3,3.0,3.0,1.0,4.0,403,0.0,0,400,803,3,4.0,1098,866,0,1964,0,0,2,1,4,1,3,8,7,1,4.0,2.0,2,483,3.0,3.0,2,0,69,0,0,0,0,0.0,0.0,0,9,2008,1,12.396337699685922
70,60.0,11414,2,3,2,7,8,1910,1993,0.0,3,4,4.0,3.0,1.0,0.0,0,0.0,0,728,728,3,4.0,1136,883,0,2019,0,0,1,0,3,1,4,8,7,0,0.0,1.0,2,532,3.0,3.0,2,509,135,0,0,0,0,0.0,4.0,0,10,2009,1,12.222637898715403
20,87.0,10000,2,3,2,6,6,1962,1962,261.0,3,3,3.0,3.0,1.0,0.0,0,0.0,0,1116,1116,3,4.0,1116,0,0,1116,0,0,1,1,3,1,3,5,7,0,0.0,1.0,2,440,3.0,3.0,2,0,0,0,0,385,0,0.0,0.0,0,2,2010,1,12.18889183007554
40,60.0,12144,3,3,2,5,7,1949,1950,0.0,4,3,3.0,3.0,1.0,2.0,375,0.0,0,457,832,4,4.0,1036,0,232,1268,0,0,1,0,3,1,3,6,7,1,4.0,1.0,1,288,3.0,3.0,2,0,28,0,0,0,0,0.0,0.0,0,9,2009,-1,11.500835649220425
30,60.0,7200,3,3,2,5,7,1940,1992,294.0,3,4,3.0,3.0,1.0,3.0,510,0.0,0,278,788,3,4.0,804,0,0,804,1,0,1,0,2,1,4,4,7,2,4.0,1.0,1,240,3.0,3.0,2,0,0,154,0,0,0,0.0,3.0,0,2,2010,-1,11.350933563557234
20,90.0,17217,3,3,2,5,5,2006,2006,0.0,3,3,4.0,3.0,1.0,0.0,0,0.0,0,1140,1140,5,4.0,1140,0,0,1140,0,0,1,0,3,1,3,6,7,0,0.0,0.0,0,0,0.0,0.0,2,36,56,0,0,0,0,0.0,0.0,0,7,2006,-1,10.809298127373939
20,60.0,7024,3,3,2,5,5,2005,2006,0.0,3,3,5.0,4.0,1.0,4.0,980,0.0,0,110,1090,4,4.0,1090,0,0,1090,1,0,1,1,2,1,3,5,7,0,0.0,3.0,2,450,3.0,3.0,2,0,49,0,0,0,0,0.0,0.0,0,6,2007,-1,11.711910928557991
190,65.0,7800,3,3,2,5,7,1939,1950,0.0,3,3,4.0,3.0,2.0,2.0,507,0.0,0,286,793,3,4.0,793,325,0,1118,1,0,1,0,3,1,3,5,7,1,4.0,1.0,2,410,3.0,3.0,2,0,0,0,0,271,0,0.0,3.0,0,5,2006,-1,11.339459584482167
90,75.0,10125,3,3,2,5,5,1977,1977,0.0,3,3,0.0,0.0,0.0,0.0,0,0.0,0,0,0,3,4.0,1302,432,0,1734,0,0,2,0,4,2,4,8,7,0,0.0,1.0,2,539,3.0,3.0,2,0,0,0,0,0,0,0.0,0.0,0,8,2009,1,11.983135472024042
60,134.0,19378,2,3,2,7,5,2005,2006,456.0,4,3,4.0,3.0,2.0,5.0,57,0.0,0,1335,1392,5,4.0,1392,1070,0,2462,1,0,2,1,4,1,4,9,7,1,4.0,2.0,2,576,3.0,3.0,2,239,132,0,168,0,0,0.0,0.0,0,3,2006,-1,12.55793810478644
20,80.0,10197,2,3,2,6,5,1961,1961,491.0,3,3,3.0,3.0,1.0,4.0,288,2.0,374,700,1362,3,4.0,1362,0,0,1362,1,0,1,1,3,1,3,6,7,1,3.0,1.0,2,504,3.0,3.0,2,0,20,0,0,0,0,0.0,0.0,0,6,2008,-1,11.757116734996682
75,92.0,5520,3,3,2,6,6,1912,1950,0.0,3,3,3.0,3.0,1.0,0.0,0,0.0,0,755,755,5,4.0,929,929,371,2229,0,0,1,0,5,1,3,8,7,0,0.0,0.0,0,0,0.0,0.0,2,0,198,30,0,0,0,0.0,3.0,0,7,2009,-1,11.141017822929614
20,60.0,7200,3,3,2,7,5,2006,2006,0.0,4,3,4.0,4.0,1.0,0.0,0,0.0,0,1293,1293,5,4.0,1301,0,0,1301,1,0,2,0,2,1,4,5,7,1,4.0,2.0,2,572,3.0,3.0,2,216,121,0,0,0,0,0.0,0.0,0,8,2006,1,12.311110842344364
60,57.0,8924,2,3,2,7,5,1998,1999,0.0,3,3,4.0,3.0,3.0,0.0,0,0.0,0,880,880,5,4.0,880,844,0,1724,0,0,2,1,3,1,4,8,7,0,0.0,3.0,2,527,3.0,3.0,2,120,155,0,0,0,0,0.0,0.0,0,7,2008,-1,11.937883357140754
20,75.0,7388,3,3,2,5,6,1959,2002,0.0,3,3,3.0,3.0,1.0,2.0,405,0.0,0,658,1063,4,4.0,1327,0,0,1327,1,0,1,0,3,1,4,7,7,0,0.0,1.0,2,624,3.0,3.0,2,0,0,0,0,0,0,0.0,0.0,0,7,2007,1,12.12642154938415
20,60.0,7200,3,3,2,5,7,1950,1950,0.0,3,3,0.0,0.0,0.0,0.0,0,0.0,0,0,0,3,2.0,1040,0,0,1040,0,0,1,0,2,1,3,5,7,0,0.0,1.0,2,625,3.0,3.0,2,0,0,0,0,0,0,0.0,0.0,0,6,2006,-1,11.193191515193138
20,60.0,8281,2,3,2,5,5,1965,1965,0.0,3,3,3.0,3.0,1.0,2.0,553,3.0,311,0,864,4,4.0,864,0,0,864,0,0,1,0,3,1,3,5,7,1,1.0,1.0,1,360,3.0,3.0,2,0,0,236,0,0,0,0.0,2.0,0,12,2009,1,11.479195703627475
160,21.0,1680,3,3,2,6,7,1972,1972,281.0,3,3,3.0,3.0,1.0,3.0,317,0.0,0,355,672,4,4.0,672,546,0,1218,0,1,1,1,3,1,3,7,7,0,0.0,1.0,1,264,3.0,3.0,2,0,28,0,0,0,0,0.0,0.0,0,5,2006,-1,11.325148679516426
60,86.0,10562,3,3,2,8,5,2007,2007,300.0,4,3,5.0,3.0,1.0,5.0,1288,0.0,0,294,1582,5,4.0,1610,551,0,2161,1,0,1,1,3,1,5,8,7,1,4.0,3.0,3,789,3.0,3.0,2,178,120,0,0,0,0,0.0,0.0,0,11,2007,-1,12.573237600966008
80,96.0,11275,3,3,2,7,7,1967,2007,300.0,4,4,4.0,3.0,1.0,0.0,0,0.0,0,710,710,5,4.0,1898,1080,0,2978,0,0,2,1,5,1,4,11,7,1,4.0,3.0,2,564,3.0,3.0,2,240,0,0,0,0,0,0.0,0.0,0,6,2010,1,12.528134342354734
20,70.0,10552,2,3,2,5,5,1959,1959,0.0,3,3,3.0,3.0,1.0,2.0,1018,0.0,0,380,1398,4,4.0,1700,0,0,1700,0,1,1,1,4,1,4,6,7,1,4.0,2.0,2,447,3.0,3.0,2,0,38,0,0,0,0,0.0,0.0,0,4,2010,-1,11.787200900706166
60,71.0,7795,2,3,2,7,5,2004,2005,0.0,4,3,4.0,3.0,1.0,5.0,425,0.0,0,291,716,5,4.0,716,716,0,1432,1,0,2,1,3,1,4,6,7,1,4.0,3.0,2,432,3.0,3.0,2,100,51,0,0,0,0,0.0,0.0,0,7,2009,1,12.317260665540264
60,120.0,15611,3,3,2,8,5,2006,2006,0.0,4,3,4.0,3.0,3.0,0.0,0,0.0,0,1079,1079,5,4.0,1079,840,0,1919,0,0,2,1,3,1,4,8,7,1,4.0,2.0,2,685,4.0,3.0,2,0,51,0,0,0,0,0.0,0.0,0,7,2006,-1,12.198232603814063
120,50.0,8012,3,3,2,6,5,1992,1992,0.0,4,3,4.0,3.0,1.0,5.0,430,0.0,0,1145,1575,4,4.0,1575,0,0,1575,1,0,2,0,2,1,4,5,7,0,0.0,2.0,2,529,3.0,3.0,2,0,0,52,0,0,0,0.0,0.0,0,7,2007,0,12.096257779522967
80,67.7156862745098,14115,3,3,2,7,5,1980,1980,225.0,3,3,4.0,3.0,3.0,5.0,1036,0.0,0,336,1372,3,4.0,1472,0,0,1472,1,0,2,0,3,1,3,6,7,2,3.0,1.0,2,588,3.0,3.0,2,233,48,0,0,0,0,0.0,0.0,0,6,2009,-1,11.935772908171177
20,84.03980099502488,12925,2,3,2,6,7,1970,1970,0.0,3,3,3.0,3.0,2.0,3.0,865,0.0,0,340,1205,5,4.0,2117,0,0,2117,0,0,2,1,4,1,3,7,7,2,4.0,3.0,2,550,3.0,3.0,2,0,42,0,0,0,0,0.0,0.0,0,5,2008,0,12.377922902456833
90,67.0,8777,3,3,2,5,7,1900,2003,0.0,3,3,3.0,3.0,1.0,4.0,1084,0.0,0,188,1272,4,4.0,1272,928,0,2200,2,0,2,2,4,2,3,9,7,0,0.0,0.0,0,0,0.0,0.0,0,0,70,0,0,0,0,0.0,4.0,0,9,2008,1,12.106772009395872
20,67.7156862745098,9248,2,3,2,6,6,1992,1992,106.0,3,3,4.0,3.0,1.0,5.0,560,0.0,0,598,1158,4,4.0,1167,0,0,1167,1,0,2,0,3,1,4,6,7,0,0.0,2.0,2,400,3.0,3.0,2,120,26,0,0,0,0,0.0,0.0,0,7,2009,-1,11.835143108300976
20,105.0,15431,3,3,2,10,5,2008,2008,200.0,5,3,5.0,3.0,4.0,5.0,1767,4.0,539,788,3094,5,4.0,2402,0,0,2402,1,0,2,0,2,1,5,10,7,2,4.0,3.0,3,672,3.0,3.0,2,0,72,0,0,170,0,0.0,0.0,0,4,2009,0,13.226723392728571
20,67.7156862745098,17140,3,3,2,4,6,1956,1956,0.0,3,3,3.0,3.0,1.0,4.0,1059,0.0,0,75,1134,5,3.0,1229,0,0,1229,0,0,1,0,3,1,3,6,7,0,0.0,2.0,1,284,3.0,3.0,2,0,0,0,0,0,0,0.0,0.0,0,4,2009,-1,11.510131349805858
50,84.03980099502488,13837,2,3,2,7,5,1988,1988,178.0,4,4,4.0,4.0,1.0,5.0,1002,1.0,202,0,1204,4,4.0,1377,806,0,2183,0,0,2,1,4,1,4,9,7,0,0.0,1.0,3,786,3.0,3.0,2,0,0,0,0,0,0,0.0,0.0,0,2,2006,0,12.341477282536376
80,60.0,7134,3,3,1,5,5,1955,1955,0.0,3,3,3.0,3.0,1.0,4.0,384,0.0,0,0,384,3,4.0,1360,0,0,1360,0,0,1,0,3,1,3,6,6,1,3.0,1.0,2,572,3.0,3.0,2,0,50,0,0,0,0,0.0,3.0,0,2,2007,1,12.01992979401559
50,67.7156862745098,13650,3,3,2,5,5,1958,1958,0.0,4,4,3.0,3.0,1.0,4.0,57,3.0,441,554,1052,5,4.0,1252,668,0,1920,1,0,2,0,4,1,4,8,7,1,4.0,1.0,2,451,3.0,3.0,2,0,0,0,0,0,0,0.0,0.0,0,7,2006,-1,11.820751767562665
160,24.0,1950,3,3,2,6,6,1980,1980,0.0,3,4,4.0,3.0,1.0,1.0,81,5.0,612,23,716,3,4.0,716,840,0,1556,1,0,2,1,3,1,3,6,7,1,3.0,3.0,2,452,3.0,3.0,2,161,0,0,0,0,0,0.0,4.0,0,7,2008,1,12.131110421822443
20,93.0,11160,3,3,2,7,5,1968,1968,0.0,4,3,3.0,3.0,1.0,4.0,1065,0.0,0,1045,2110,5,4.0,2110,0,0,2110,1,0,2,1,3,1,5,8,7,2,3.0,3.0,2,522,3.0,3.0,2,0,0,0,0,0,0,0.0,0.0,0,4,2010,1,12.536203484958284
80,88.0,8471,2,3,2,6,7,1977,1995,46.0,3,3,4.0,4.0,3.0,4.0,506,0.0,0,0,506,3,4.0,1212,0,0,1212,1,0,1,0,3,1,3,6,7,1,3.0,1.0,2,492,3.0,3.0,2,292,12,0,0,0,0,0.0,2.0,0,7,2006,0,11.925035115797062
20,71.0,9353,3,3,2,4,5,1970,1970,0.0,3,3,3.0,3.0,1.0,0.0,0,0.0,0,864,864,4,4.0,864,0,0,864,0,0,1,0,3,1,3,5,7,0,0.0,1.0,1,280,3.0,3.0,2,0,0,0,0,0,0,0.0,0.0,0,7,2006,1,11.929017176556961
60,109.0,14154,3,3,2,7,5,2006,2006,350.0,4,3,5.0,4.0,1.0,0.0,0,0.0,0,1063,1063,5,4.0,1071,1101,0,2172,0,0,2,1,3,1,4,9,7,1,4.0,2.0,3,947,3.0,3.0,2,192,62,0,0,0,0,0.0,0.0,0,8,2007,-1,12.40852236636721
75,90.0,8100,3,3,2,5,5,1898,1965,0.0,3,3,3.0,3.0,1.0,0.0,0,0.0,0,849,849,3,3.0,1075,1063,0,2138,0,0,2,0,2,3,3,11,7,0,0.0,1.0,2,360,2.0,1.0,0,40,156,0,0,0,0,0.0,3.0,0,11,2009,-1,11.177155462428228
50,60.0,8520,3,3,2,6,7,1916,1950,0.0,3,4,3.0,3.0,1.0,2.0,168,1.0,546,0,714,3,4.0,1664,862,0,2526,0,0,2,0,5,1,4,10,7,1,4.0,1.0,1,216,3.0,3.0,2,88,15,0,0,0,0,0.0,2.0,0,8,2007,1,12.045870354534395
60,80.0,10240,3,3,2,8,5,2005,2005,178.0,4,3,4.0,3.0,2.0,0.0,0,0.0,0,1030,1030,4,4.0,1038,1060,0,2098,0,0,2,1,3,1,5,8,7,1,4.0,2.0,3,878,3.0,3.0,2,192,52,0,0,0,0,0.0,0.0,0,3,2006,0,12.526342907575106
180,21.0,1491,3,3,2,4,6,1972,1972,0.0,3,3,4.0,3.0,3.0,1.0,150,5.0,480,0,630,5,4.0,630,0,0,630,1,0,1,0,1,1,3,3,7,0,0.0,0.0,0,0,0.0,0.0,2,96,24,0,0,0,0,0.0,0.0,0,5,2010,1,11.602533152360333
20,68.0,8814,3,3,2,7,5,2005,2007,80.0,4,3,4.0,3.0,1.0,5.0,925,0.0,0,349,1274,5,4.0,1274,0,0,1274,1,0,2,0,3,1,4,6,7,0,0.0,2.0,2,508,3.0,3.0,2,264,98,0,0,0,0,0.0,0.0,0,1,2007,1,12.379987636807618
120,63.0,8849,2,3,2,9,5,2005,2005,616.0,5,3,5.0,3.0,1.0,5.0,28,0.0,0,1656,1684,5,4.0,1684,0,0,1684,0,0,2,0,2,1,5,6,7,1,5.0,2.0,2,564,3.0,3.0,2,495,72,0,0,0,0,0.0,0.0,0,7,2008,1,12.613179927281577
120,50.0,7175,3,3,2,6,5,1984,1984,0.0,3,3,4.0,3.0,1.0,4.0,623,1.0,121,0,744,3,4.0,752,0,0,752,1,0,1,0,2,1,3,4,7,0,0.0,1.0,1,264,3.0,3.0,2,353,0,0,0,90,0,0.0,3.0,0,2,2010,1,11.991957859517141
50,50.0,6000,3,3,2,6,6,1939,1950,0.0,3,2,3.0,3.0,1.0,0.0,0,0.0,0,780,780,5,2.0,825,587,0,1412,0,0,1,0,4,1,3,6,7,1,4.0,1.0,1,280,3.0,3.0,2,45,0,0,0,0,0,0.0,0.0,0,5,2009,1,12.03295723390054
30,60.0,5400,3,3,0,5,6,1921,1968,0.0,3,3,3.0,3.0,1.0,0.0,0,0.0,0,1073,1073,5,4.0,1073,0,0,1073,0,0,1,0,2,1,3,4,7,0,0.0,1.0,1,326,3.0,3.0,2,0,0,112,0,0,0,0.0,0.0,0,12,2006,1,11.881998542065519
20,80.0,9600,3,3,2,8,5,1981,1981,0.0,4,3,4.0,3.0,1.0,4.0,1104,0.0,0,1420,2524,3,4.0,2524,0,0,2524,1,0,2,1,4,1,4,9,7,1,4.0,3.0,2,542,3.0,3.0,2,474,120,0,0,0,0,0.0,3.0,0,7,2009,-1,12.396367824862574
20,70.0,8402,3,3,2,5,5,2007,2007,0.0,3,3,4.0,3.0,1.0,4.0,206,0.0,0,914,1120,5,4.0,1120,0,0,1120,0,0,1,0,3,1,3,6,7,0,0.0,0.0,0,0,0.0,0.0,2,0,30,0,0,0,0,0.0,0.0,0,12,2007,-1,11.623751300883278
190,75.0,10382,3,3,2,6,5,1958,1958,105.0,3,2,3.0,3.0,4.0,4.0,513,0.0,0,75,588,3,4.0,1095,0,0,1095,1,0,1,0,2,1,3,6,7,0,0.0,2.0,1,264,3.0,3.0,2,0,0,0,0,0,0,0.0,0.0,0,3,2006,0,11.84939770159144
120,34.0,4058,3,3,2,7,5,1998,1998,182.0,3,3,4.0,3.0,3.0,5.0,584,1.0,139,0,723,5,4.0,767,0,0,767,1,0,1,0,1,1,3,4,7,0,0.0,3.0,1,367,3.0,3.0,2,120,40,0,0,0,0,0.0,0.0,0,6,2007,1,12.034867892527394
60,41.0,12393,1,3,2,7,5,2004,2005,0.0,4,3,4.0,3.0,1.0,0.0,0,0.0,0,847,847,5,4.0,847,1101,0,1948,0,0,2,1,4,1,4,8,7,1,4.0,3.0,2,434,3.0,3.0,2,100,48,0,0,0,0,0.0,0.0,0,9,2006,1,12.34233423154774
20,96.0,12456,3,3,2,10,5,2006,2007,230.0,5,3,5.0,3.0,4.0,5.0,1172,0.0,0,528,1700,5,4.0,1718,0,0,1718,1,0,2,0,3,1,5,7,7,1,4.0,3.0,3,786,3.0,3.0,2,216,48,0,0,0,0,0.0,0.0,0,7,2009,1,12.827328533103081
60,80.0,10400,3,3,2,6,5,1972,1972,288.0,3,3,3.0,3.0,1.0,2.0,247,0.0,0,485,732,4,4.0,1012,778,0,1790,1,0,1,2,4,1,3,8,5,1,3.0,2.0,2,484,3.0,3.0,2,148,0,0,0,147,0,0.0,0.0,0,11,2006,-1,11.76605165066806
90,42.0,7711,2,3,2,4,3,1977,1977,0.0,3,3,4.0,3.0,4.0,5.0,1440,0.0,0,0,1440,3,4.0,1440,0,0,1440,2,0,2,0,4,2,3,8,7,0,0.0,0.0,0,0,0.0,0.0,0,321,0,0,0,0,0,0.0,0.0,0,8,2007,1,12.121166481576443
30,70.0,4270,3,3,1,3,6,1931,2006,0.0,3,3,3.0,3.0,1.0,2.0,544,0.0,0,0,544,5,4.0,774,0,0,774,0,0,1,0,3,1,4,6,7,0,0.0,0.0,0,0,0.0,0.0,2,0,0,286,0,0,0,0.0,0.0,0,5,2007,1,11.64333512574824
50,75.0,45600,1,3,2,6,8,1908,1997,0.0,3,3,3.0,3.0,1.0,0.0,0,0.0,0,907,907,3,4.0,1307,1051,0,2358,0,0,3,0,5,1,3,10,7,1,4.0,1.0,2,360,2.0,3.0,2,486,40,0,0,175,0,0.0,0.0,0,9,2008,-1,12.22935368356702
20,141.0,31770,2,3,2,6,5,1960,1960,112.0,3,3,3.0,4.0,4.0,3.0,639,0.0,0,441,1080,2,4.0,1656,0,0,1656,1,0,1,0,3,1,3,7,7,2,4.0,3.0,2,528,3.0,3.0,1,210,62,0,0,0,0,0.0,0.0,0,5,2010,-1,12.105234169383413
20,90.0,7407,3,3,2,6,7,1957,1996,0.0,3,3,3.0,3.0,1.0,5.0,600,0.0,0,312,912,3,3.0,1236,0,0,1236,1,0,1,0,2,1,3,6,7,0,0.0,1.0,2,923,3.0,3.0,2,0,158,158,0,0,0,0.0,3.0,0,4,2010,-1,11.651531275924558
20,57.0,8280,2,3,2,6,5,1950,1950,0.0,3,3,3.0,3.0,1.0,0.0,0,0.0,0,932,932,5,3.0,932,0,0,932,0,0,1,0,2,1,4,4,7,1,4.0,1.0,1,306,3.0,3.0,2,0,0,214,0,0,0,0.0,4.0,0,11,2007,-1,11.37831343079747
20,70.0,9135,3,3,2,6,5,2003,2003,120.0,4,3,4.0,3.0,3.0,5.0,340,0.0,0,1342,1682,5,4.0,1700,0,0,1700,1,0,2,0,3,1,4,7,7,0,0.0,2.0,2,544,3.0,3.0,2,192,23,0,0,0,0,0.0,0.0,0,5,2006,0,12.206072645530174
60,85.0,11924,2,3,2,9,5,2005,2006,286.0,5,3,5.0,3.0,1.0,5.0,998,0.0,0,177,1175,5,4.0,1182,1142,0,2324,1,0,3,0,4,1,5,11,7,2,4.0,3.0,3,736,3.0,3.0,2,147,21,0,0,0,0,0.0,0.0,0,7,2006,1,12.846700175420347
120,55.0,7892,3,3,2,6,5,1993,1993,0.0,4,3,4.0,3.0,1.0,5.0,300,0.0,0,899,1199,5,4.0,1199,0,0,1199,0,0,2,0,2,1,4,5,7,0,0.0,2.0,2,530,3.0,3.0,2,0,63,0,0,0,0,0.0,0.0,0,3,2008,0,11.94405831982697
30,60.0,10800,3,3,2,4,6,1927,2007,0.0,3,3,3.0,3.0,1.0,0.0,0,0.0,0,656,656,3,4.0,968,0,0,968,0,0,2,0,4,1,3,5,7,0,0.0,1.0,1,216,2.0,2.0,2,0,0,0,0,0,0,0.0,0.0,0,8,2007,1,11.505686792647419
20,70.0,9100,3,3,2,7,5,2001,2001,0.0,4,3,4.0,3.0,1.0,0.0,0,0.0,0,1212,1212,5,4.0,1212,0,0,1212,0,0,2,0,3,1,4,6,7,0,0.0,2.0,2,573,3.0,3.0,2,356,0,0,0,0,0,0.0,0.0,0,6,2009,1,12.271113265929001
120,39.0,5389,2,3,2,8,5,1995,1996,0.0,4,3,4.0,3.0,1.0,5.0,1180,0.0,0,415,1595,5,4.0,1616,0,0,1616,1,0,2,0,2,1,4,5,7,1,3.0,2.0,2,608,3.0,3.0,2,237,152,0,0,0,0,0.0,0.0,0,3,2010,1,12.509727374410698
20,75.0,10084,3,3,2,8,5,2004,2005,186.0,4,3,5.0,3.0,3.0,5.0,1369,0.0,0,317,1686,5,4.0,1694,0,0,1694,1,0,2,0,3,1,4,7,7,1,4.0,2.0,2,636,3.0,3.0,2,255,57,0,0,0,0,0.0,0.0,0,8,2007,-1,12.507734495878458
20,67.7156862745098,9790,3,3,2,6,5,1963,1963,451.0,3,3,3.0,3.0,1.0,4.0,569,2.0,81,678,1328,3,4.0,1328,0,0,1328,1,0,1,1,3,1,3,6,7,2,4.0,1.0,2,528,3.0,3.0,2,0,26,0,0,0,0,0.0,0.0,0,6,2010,1,12.09489916906528
90,72.0,10778,3,3,2,4,5,1968,1968,0.0,3,3,3.0,3.0,1.0,0.0,0,0.0,0,1768,1768,3,4.0,1768,0,0,1768,0,0,2,0,4,2,3,8,7,0,0.0,0.0,0,0,0.0,0.0,2,0,0,0,0,0,0,0.0,0.0,0,4,2010,1,12.052873450760531
20,75.0,7500,3,3,2,5,5,1963,1963,0.0,3,3,3.0,3.0,1.0,4.0,824,0.0,0,216,1040,2,4.0,1040,0,0,1040,1,0,1,1,3,1,3,5,7,0,0.0,3.0,1,308,3.0,3.0,2,0,0,220,0,0,0,0.0,3.0,0,6,2010,1,12.036767339061969
60,78.0,10140,3,3,2,7,5,1976,1976,0.0,3,3,4.0,3.0,1.0,5.0,194,0.0,0,638,832,3,4.0,832,832,0,1664,0,0,2,1,4,1,3,8,7,1,3.0,2.0,2,528,3.0,3.0,2,0,28,0,0,259,0,0.0,2.0,0,3,2006,1,12.19747871630114
20,65.0,8450,3,3,2,7,5,2003,2003,0.0,4,3,4.0,3.0,2.0,5.0,699,0.0,0,638,1337,5,4.0,1337,0,0,1337,1,0,2,0,3,1,4,6,7,0,0.0,2.0,2,531,3.0,3.0,2,0,39,0,0,0,0,0.0,0.0,0,10,2007,1,12.30293945564019
20,69.0,8973,3,3,2,5,7,1958,1991,85.0,3,3,3.0,3.0,1.0,2.0,567,3.0,28,413,1008,3,3.0,1053,0,0,1053,0,1,1,1,3,1,5,6,7,0,0.0,2.0,2,750,3.0,3.0,2,0,80,0,180,0,0,0.0,1.0,0,7,2006,1,12.125385904051585
20,70.0,9100,3,3,2,5,5,1958,1958,0.0,3,3,3.0,3.0,1.0,3.0,521,1.0,174,169,864,3,4.0,864,0,0,864,1,0,1,0,3,1,3,5,7,0,0.0,1.0,2,624,3.0,3.0,2,0,0,0,0,0,0,0.0,0.0,0,7,2006,-1,11.463093713028638
20,57.0,9764,2,3,2,5,7,1967,2003,0.0,3,3,3.0,3.0,1.0,3.0,702,0.0,0,192,894,5,4.0,894,0,0,894,1,0,1,0,3,1,4,5,7,0,0.0,2.0,2,450,3.0,3.0,2,0,0,0,0,0,0,0.0,0.0,0,5,2008,1,12.015910195130019
60,51.0,8029,2,3,2,6,5,2005,2005,0.0,3,3,4.0,3.0,1.0,0.0,0,0.0,0,728,728,5,4.0,728,728,0,1456,0,0,2,1,3,1,4,8,7,0,0.0,3.0,2,400,3.0,3.0,2,100,24,0,0,0,0,0.0,0.0,0,7,2008,1,12.256759259615672
20,60.0,7200,3,3,2,5,5,1972,1972,0.0,3,3,3.0,3.0,3.0,2.0,777,0.0,0,117,894,3,4.0,894,0,0,894,0,0,1,0,2,1,3,6,7,0,0.0,2.0,2,600,3.0,3.0,2,215,0,0,0,0,0,0.0,0.0,0,9,2009,0,11.719939634354555
60,72.0,8640,3,3,2,7,5,2009,2009,0.0,3,3,4.0,3.0,1.0,5.0,822,0.0,0,78,900,5,4.0,932,920,0,1852,1,0,2,1,3,1,4,7,7,1,3.0,2.0,2,644,3.0,3.0,2,168,108,0,0,0,0,0.0,0.0,0,7,2009,-1,12.286379925446804
90,82.0,6270,3,3,2,5,6,1949,1950,0.0,3,3,3.0,3.0,1.0,3.0,284,0.0,0,717,1001,3,3.0,1001,1001,0,2002,0,0,2,0,4,2,3,8,7,0,0.0,1.0,3,871,3.0,3.0,2,0,0,0,0,0,0,0.0,0.0,0,8,2007,-1,11.60624138184744
60,67.7156862745098,9572,2,3,2,8,5,1990,1990,336.0,4,3,5.0,3.0,1.0,5.0,482,0.0,0,971,1453,5,4.0,1453,1357,0,2810,0,0,2,1,4,1,4,9,7,1,5.0,2.0,2,750,4.0,4.0,2,500,0,0,0,0,0,0.0,0.0,0,6,2007,1,12.73105527107287
50,50.0,5925,3,3,2,3,6,1910,1950,0.0,3,3,3.0,3.0,1.0,0.0,0,0.0,0,600,600,2,4.0,600,368,0,968,0,0,1,0,2,1,3,6,7,0,0.0,0.0,0,0,0.0,0.0,2,0,0,0,0,0,0,0.0,2.0,0,5,2009,0,10.542706391070517
50,81.0,12150,3,3,2,5,5,1954,1954,335.0,3,3,3.0,3.0,1.0,0.0,0,0.0,0,1050,1050,5,2.0,1050,745,0,1795,0,0,2,0,4,1,3,7,7,0,0.0,1.0,1,352,2.0,3.0,2,0,0,0,0,0,0,0.0,0.0,0,11,2008,1,12.013830524790587
60,63.0,8199,3,3,2,7,5,2005,2005,0.0,4,3,4.0,3.0,3.0,5.0,648,0.0,0,80,728,5,4.0,728,728,0,1456,1,0,2,1,3,1,4,7,7,1,4.0,3.0,2,410,3.0,3.0,2,36,18,0,0,0,0,0.0,0.0,0,10,2008,0,12.14950229404178
120,44.0,3842,2,3,1,8,5,2004,2005,174.0,4,3,5.0,3.0,4.0,5.0,1373,0.0,0,221,1594,5,4.0,1646,0,0,1646,1,1,2,0,2,1,4,5,7,1,4.0,3.0,2,482,3.0,3.0,2,128,53,0,0,155,0,0.0,0.0,0,1,2008,0,12.524526376648708
60,96.0,11308,2,3,2,9,5,2008,2008,154.0,5,3,5.0,3.0,3.0,5.0,936,0.0,0,168,1104,5,4.0,1130,1054,0,2184,1,0,2,1,3,1,5,10,7,1,4.0,3.0,3,836,3.0,3.0,2,0,102,0,0,0,0,0.0,0.0,0,7,2009,-1,12.611622930247346
50,63.0,5000,3,3,2,5,4,1900,1950,0.0,3,3,3.0,3.0,1.0,0.0,0,0.0,0,540,540,4,3.0,889,551,0,1440,0,0,1,0,3,1,3,6,7,0,0.0,1.0,1,352,2.0,3.0,2,0,0,77,0,0,0,0.0,0.0,0,4,2006,1,11.648373658049515
45,51.0,6120,3,3,2,7,8,1929,2001,0.0,3,3,3.0,3.0,1.0,0.0,0,0.0,0,832,832,5,3.0,854,0,0,854,0,0,1,0,2,1,3,5,7,0,0.0,1.0,2,576,3.0,3.0,2,48,112,0,0,0,0,0.0,4.0,0,7,2007,0,11.790557201568507
20,70.0,7931,3,3,2,5,5,1959,1959,0.0,3,3,3.0,3.0,1.0,3.0,1148,0.0,0,0,1148,3,4.0,1148,0,0,1148,1,0,1,0,3,1,3,6,7,0,0.0,1.0,1,672,3.0,3.0,2,0,0,0,0,0,0,0.0,4.0,0,7,2009,-1,11.503034147937182
20,100.0,21750,3,3,2,5,4,1960,2006,75.0,3,2,0.0,0.0,0.0,0.0,0,0.0,0,0,0,3,4.0,1771,0,0,1771,0,0,1,0,3,1,3,9,6,1,3.0,1.0,2,336,3.0,3.0,2,0,0,0,0,0,0,0.0,4.0,0,11,2009,0,11.652687407345388
20,96.0,12444,3,3,2,8,5,2008,2008,426.0,5,3,5.0,3.0,3.0,5.0,1336,0.0,0,596,1932,5,4.0,1932,0,0,1932,1,0,2,0,2,1,5,7,7,1,4.0,3.0,3,774,3.0,3.0,2,0,66,0,304,0,0,0.0,0.0,0,11,2008,0,12.885670953244288
30,56.0,4060,3,3,2,5,8,1922,1950,0.0,3,3,2.0,3.0,1.0,0.0,0,0.0,0,864,864,5,4.0,864,0,0,864,0,0,1,0,2,1,3,4,7,0,0.0,0.0,0,0,0.0,0.0,2,0,96,0,0,0,0,0.0,0.0,0,7,2009,-1,11.061505383107784
120,64.0,5587,2,3,1,8,5,2008,2008,186.0,5,3,5.0,3.0,4.0,5.0,1480,0.0,0,120,1600,5,4.0,1652,0,0,1652,1,1,2,0,2,1,4,5,7,1,4.0,3.0,2,482,3.0,3.0,2,162,53,0,153,0,0,0.0,0.0,0,11,2008,-1,12.78997284935354
60,65.0,8125,3,3,2,7,5,2005,2006,0.0,4,3,4.0,3.0,1.0,0.0,0,0.0,0,756,756,5,4.0,756,797,0,1553,0,0,2,1,3,1,4,6,7,0,0.0,2.0,2,615,3.0,3.0,2,0,45,0,0,0,0,0.0,0.0,0,3,2006,-1,11.935016635795296
80,94.0,7819,3,3,2,6,5,1976,1976,0.0,3,3,3.0,3.0,3.0,4.0,422,3.0,127,480,1029,3,4.0,1117,0,0,1117,1,0,1,0,3,1,3,6,7,1,3.0,1.0,2,672,3.0,3.0,2,144,0,0,0,0,0,0.0,3.0,0,3,2010,-1,11.174542877694224
190,60.0,6780,3,3,2,6,8,1935,1982,0.0,3,2,3.0,3.0,3.0,5.0,490,0.0,0,30,520,4,4.0,520,0,234,754,1,0,1,0,2,1,3,5,7,0,0.0,0.0,0,0,0.0,0.0,0,53,0,0,0,0,0,0.0,0.0,0,6,2006,1,11.709235850475451
50,60.0,8160,3,3,2,5,6,1940,1950,0.0,3,3,3.0,3.0,1.0,4.0,312,0.0,0,444,756,2,2.0,756,378,0,1134,1,0,1,1,3,1,3,7,7,0,0.0,1.0,1,240,3.0,3.0,1,0,0,0,0,0,0,0.0,0.0,0,4,2007,-1,11.405570771326504
50,67.7156862745098,14100,2,3,1,8,9,1935,1997,632.0,3,4,3.0,3.0,2.0,2.0,192,0.0,0,536,728,5,4.0,1968,1479,0,3447,0,0,3,1,4,1,4,11,7,2,4.0,1.0,3,1014,3.0,3.0,2,314,12,0,0,0,0,0.0,2.0,0,5,2008,0,12.850554654108839
30,84.03980099502488,7446,3,3,2,4,5,1941,1950,0.0,3,3,3.0,3.0,1.0,2.0,266,0.0,0,522,788,3,3.0,788,0,0,788,0,0,1,0,2,1,3,4,7,2,3.0,0.0,0,0,0.0,0.0,2,0,0,0,0,0,0,0.0,2.0,0,4,2006,-1,11.053561690926179
20,84.03980099502488,6897,2,3,2,5,8,1962,2010,0.0,3,4,3.0,3.0,1.0,4.0,659,0.0,0,381,1040,5,4.0,1040,0,0,1040,1,0,1,1,3,1,3,6,7,0,0.0,1.0,1,260,3.0,3.0,2,0,104,0,0,0,0,0.0,0.0,0,4,2010,1,12.00266441858012
80,67.7156862745098,8530,2,3,2,7,5,1995,1996,22.0,3,3,4.0,3.0,1.0,0.0,0,0.0,0,384,384,4,4.0,804,670,0,1474,0,0,2,1,3,1,3,7,7,1,3.0,3.0,2,400,3.0,3.0,2,120,72,0,0,0,0,0.0,0.0,700,5,2009,-1,11.807894624017822
80,85.0,9350,3,3,2,6,7,1964,1991,108.0,3,3,4.0,3.0,4.0,1.0,270,4.0,580,452,1302,5,4.0,1302,0,0,1302,0,1,2,0,3,1,4,7,6,0,0.0,2.0,1,309,3.0,3.0,2,333,0,0,0,0,0,0.0,3.0,0,10,2007,1,12.175780770748439
90,78.0,7060,3,3,2,7,5,1997,1998,200.0,3,4,4.0,4.0,4.0,5.0,1309,0.0,0,35,1344,5,4.0,1344,0,0,1344,2,0,2,0,2,2,3,8,7,0,0.0,3.0,4,784,3.0,3.0,2,0,0,0,0,0,0,0.0,0.0,0,11,2008,1,12.402300180815493
20,73.0,8760,3,3,2,6,6,1959,1959,220.0,3,3,3.0,3.0,1.0,0.0,0,0.0,0,1194,1194,3,4.0,1194,0,0,1194,1,0,1,0,3,1,3,6,7,0,0.0,2.0,1,312,3.0,3.0,2,0,0,120,0,0,0,0.0,0.0,0,4,2010,0,11.904967552746252
20,85.0,10452,2,3,2,6,5,1953,1953,216.0,3,3,3.0,3.0,2.0,2.0,500,0.0,0,594,1094,5,4.0,1094,0,0,1094,0,0,1,0,3,1,3,5,7,2,4.0,2.0,2,495,3.0,3.0,2,0,0,0,0,287,0,0.0,0.0,0,6,2008,1,12.140483510595464
70,60.0,9600,3,3,2,4,2,1900,1950,0.0,3,3,3.0,2.0,1.0,0.0,0,0.0,0,1095,1095,2,4.0,1095,679,0,1774,1,0,2,0,4,2,3,8,5,0,0.0,1.0,3,779,2.0,2.0,0,0,0,90,0,0,0,0.0,0.0,0,5,2006,0,11.37366339763672
20,75.0,14587,2,3,2,9,5,2008,2008,284.0,4,3,4.0,3.0,1.0,0.0,0,0.0,0,1498,1498,5,4.0,1506,0,0,1506,0,0,2,0,2,1,5,6,7,1,4.0,3.0,2,592,3.0,3.0,2,0,174,0,0,0,0,0.0,0.0,0,8,2008,0,12.484204257170104
20,63.0,7875,3,3,2,7,5,1995,1996,38.0,3,3,4.0,4.0,1.0,0.0,0,0.0,0,1237,1237,4,4.0,1253,0,0,1253,0,0,2,0,3,1,3,6,7,1,3.0,3.0,2,402,3.0,3.0,2,220,21,0,0,0,0,0.0,0.0,0,6,2007,-1,11.857042926732165
60,95.0,11787,2,3,2,7,5,1996,1997,594.0,4,3,4.0,3.0,1.0,5.0,719,0.0,0,660,1379,5,4.0,1383,1015,0,2398,1,0,2,1,3,1,4,8,7,1,3.0,3.0,3,834,3.0,3.0,2,239,60,0,0,0,0,0.0,0.0,0,8,2007,1,12.769454472084576
20,67.7156862745098,11423,3,3,2,8,5,2001,2002,479.0,4,3,4.0,3.0,3.0,5.0,1358,0.0,0,223,1581,5,4.0,1601,0,0,1601,1,0,2,0,3,1,4,6,7,1,3.0,2.0,2,670,3.0,3.0,2,180,0,0,0,0,0,0.0,3.0,2000,5,2010,1,12.637875492945746
60,62.0,8244,2,3,2,7,5,2004,2004,0.0,4,3,4.0,3.0,1.0,0.0,0,0.0,0,840,840,5,4.0,840,880,0,1720,0,0,2,1,3,1,4,7,7,1,4.0,3.0,2,440,3.0,3.0,2,100,48,0,0,0,0,0.0,0.0,0,5,2007,1,12.293417604676742
20,110.0,14226,3,3,2,8,5,2006,2006,375.0,4,3,4.0,3.0,3.0,0.0,0,0.0,0,1935,1935,4,4.0,1973,0,0,1973,0,0,2,0,3,1,4,9,7,1,4.0,3.0,3,895,3.0,3.0,2,315,45,0,0,0,0,0.0,0.0,0,7,2007,-1,12.792101077482194
20,73.0,7100,2,3,2,5,7,1957,1957,0.0,3,3,3.0,3.0,1.0,5.0,708,0.0,0,108,816,3,3.0,816,0,0,816,1,0,1,0,2,1,3,5,7,0,0.0,1.0,1,308,3.0,3.0,2,0,0,0,0,0,0,0.0,0.0,0,7,2006,0,11.77452020265869
70,60.0,6882,3,3,2,6,7,1914,2006,0.0,3,3,3.0,3.0,1.0,0.0,0,0.0,0,684,684,3,4.0,773,582,0,1355,0,0,1,1,3,1,4,7,7,0,0.0,0.0,0,0,0.0,0.0,2,136,0,115,0,0,0,0.0,0.0,0,3,2007,0,11.751942365440728
50,115.0,21286,3,3,2,5,5,1948,1950,0.0,3,3,3.0,3.0,1.0,0.0,0,0.0,0,720,720,3,4.0,720,551,0,1271,0,0,2,0,4,1,3,7,7,1,4.0,1.0,1,312,3.0,3.0,2,0,0,108,0,0,0,0.0,0.0,0,8,2008,1,12.049708575467045
60,67.7156862745098,7050,3,3,2,7,5,2001,2001,0.0,4,3,4.0,3.0,1.0,5.0,738,0.0,0,319,1057,5,4.0,1057,872,0,1929,1,0,2,1,3,1,4,7,7,1,3.0,3.0,2,650,3.0,3.0,2,0,235,0,0,0,0,0.0,0.0,0,5,2007,0,12.328290278254423
60,71.0,7056,3,3,2,6,5,1963,1963,415.0,3,3,3.0,3.0,1.0,3.0,400,0.0,0,380,780,3,4.0,983,813,0,1796,1,0,1,1,4,1,3,8,7,1,3.0,2.0,2,483,3.0,3.0,2,0,50,0,0,0,0,0.0,0.0,0,10,2008,-1,11.550517009532932
20,59.91111111111111,13680,2,3,2,3,5,1955,1955,0.0,3,3,0.0,0.0,0.0,0.0,0,0.0,0,0,0,5,3.0,1733,0,0,1733,0,0,2,0,4,1,3,8,5,1,4.0,1.0,2,452,3.0,3.0,2,0,0,0,0,0,0,0.0,0.0,0,6,2009,1,12.070032345545169
20,76.0,9158,3,3,2,8,5,2007,2007,140.0,4,3,4.0,3.0,3.0,0.0,0,0.0,0,1496,1496,5,4.0,1496,0,0,1496,0,0,2,0,3,1,4,7,7,0,0.0,3.0,2,474,3.0,3.0,2,168,130,0,0,0,0,0.0,0.0,0,6,2007,-1,12.15368566019032
60,82.0,12438,2,3,2,8,5,2006,2006,466.0,5,3,5.0,4.0,1.0,0.0,0,0.0,0,1234,1234,5,4.0,1264,1312,0,2576,0,0,2,1,4,1,5,10,7,1,4.0,3.0,3,666,3.0,3.0,2,324,100,0,0,0,0,0.0,0.0,0,7,2006,-1,12.699065373247844
20,49.0,20896,1,3,2,8,5,2005,2006,0.0,4,3,5.0,3.0,2.0,5.0,1721,0.0,0,356,2077,5,4.0,2097,0,0,2097,1,0,1,1,1,1,5,8,7,1,5.0,3.0,3,1134,3.0,3.0,2,192,267,0,0,0,0,0.0,0.0,0,1,2006,-1,12.8701602180161
20,107.0,13891,3,3,2,10,5,2006,2006,0.0,5,3,5.0,4.0,4.0,5.0,1386,0.0,0,690,2076,5,4.0,2076,0,0,2076,1,0,2,1,2,1,5,7,7,1,4.0,3.0,3,850,3.0,3.0,2,216,229,0,0,0,0,0.0,0.0,0,9,2006,-1,12.972421791628204
60,75.0,9675,3,3,2,7,5,2005,2005,0.0,4,3,4.0,3.0,2.0,5.0,341,0.0,0,772,1113,5,4.0,1113,858,0,1971,0,0,2,1,3,1,4,8,7,1,4.0,2.0,2,689,3.0,3.0,2,0,48,0,0,0,0,0.0,0.0,0,2,2009,-1,12.294550694958039
70,90.0,9900,3,3,2,6,4,1880,1950,0.0,3,3,3.0,3.0,2.0,0.0,0,0.0,0,1008,1008,3,4.0,1178,1032,0,2210,0,0,2,0,5,1,2,8,7,0,0.0,1.0,1,205,2.0,3.0,0,0,48,0,0,0,0,0.0,0.0,0,5,2007,-1,11.316650727145873
120,65.0,8769,3,3,2,9,5,2008,2008,766.0,5,3,5.0,3.0,1.0,5.0,1540,0.0,0,162,1702,5,4.0,1702,0,0,1702,1,0,1,1,1,1,5,7,7,1,4.0,3.0,3,1052,3.0,3.0,2,0,72,0,0,224,0,0.0,0.0,0,10,2008,1,12.904615690445606
50,48.0,12822,2,3,2,7,5,2003,2003,0.0,4,3,5.0,3.0,1.0,5.0,1351,0.0,0,83,1434,5,4.0,1518,631,0,2149,1,0,1,1,1,1,4,6,7,1,5.0,2.0,2,670,3.0,3.0,2,168,43,0,0,198,0,0.0,0.0,0,8,2009,-1,12.231480313485365
85,85.0,10625,3,3,2,7,6,1974,1974,81.0,3,3,4.0,3.0,4.0,5.0,885,1.0,168,0,1053,3,4.0,1173,0,0,1173,1,0,2,0,3,1,4,6,7,2,3.0,2.0,2,528,3.0,3.0,2,0,120,0,0,0,0,0.0,3.0,0,1,2010,0,12.043553716032399
50,67.7156862745098,3950,3,3,2,6,8,1926,2004,0.0,3,3,3.0,3.0,1.0,2.0,468,0.0,0,350,818,3,4.0,818,406,0,1224,0,0,1,0,3,1,3,5,7,0,0.0,1.0,1,210,3.0,3.0,0,0,0,116,0,0,0,0.0,0.0,0,12,2009,0,11.652687407345388
20,88.0,13125,3,3,2,5,4,1957,2000,67.0,3,3,3.0,3.0,1.0,2.0,168,3.0,682,284,1134,5,4.0,1803,0,0,1803,1,0,2,0,3,1,3,8,3,1,3.0,2.0,2,484,3.0,3.0,2,0,0,0,0,0,0,0.0,4.0,0,1,2006,-1,11.693374838500942
60,67.0,14948,2,3,2,9,5,2008,2008,268.0,5,3,5.0,3.0,3.0,5.0,1330,0.0,0,122,1452,5,4.0,1476,1237,0,2713,1,0,2,1,3,1,5,11,7,1,4.0,3.0,3,858,3.0,3.0,2,126,66,0,0,0,0,0.0,0.0,0,11,2008,-1,12.93093296248913
20,57.0,6420,2,3,2,5,7,1952,1952,0.0,3,3,5.0,4.0,2.0,1.0,210,4.0,551,219,980,2,3.0,1148,0,0,1148,0,1,1,0,2,1,3,6,7,0,0.0,1.0,1,308,3.0,3.0,2,0,0,0,0,0,0,0.0,0.0,0,9,2006,-1,11.394249428149248
20,75.0,9742,3,3,2,8,5,2002,2002,281.0,4,3,4.0,3.0,1.0,0.0,0,0.0,0,1777,1777,5,4.0,1795,0,0,1795,0,0,2,0,3,1,4,7,7,1,4.0,2.0,2,534,3.0,3.0,2,171,159,0,0,0,0,0.0,0.0,0,9,2008,-1,12.180408479085138
85,88.0,11782,2,3,2,5,7,1961,1995,0.0,3,3,3.0,3.0,3.0,4.0,899,0.0,0,210,1109,3,4.0,1155,0,0,1155,1,0,1,0,3,1,4,6,5,0,0.0,1.0,2,576,3.0,3.0,2,192,0,0,0,0,0,0.0,3.0,400,6,2010,-1,11.639713269496928
20,69.0,14850,2,3,2,5,5,1957,1957,0.0,3,3,3.0,3.0,1.0,2.0,895,0.0,0,197,1092,3,3.0,1092,0,0,1092,1,0,1,0,2,1,3,6,7,1,3.0,3.0,1,299,3.0,3.0,2,268,0,0,0,122,0,0.0,1.0,0,5,2006,1,12.075896321414367
50,67.0,12354,3,3,2,6,8,1920,2000,0.0,3,3,3.0,2.0,2.0,0.0,0,0.0,0,684,684,4,4.0,684,512,0,1196,0,0,1,0,3,1,4,7,7,0,0.0,1.0,2,528,3.0,3.0,2,0,46,0,0,0,0,0.0,4.0,800,8,2009,1,11.884105860427322
20,80.0,8480,3,3,2,5,6,1963,1963,0.0,3,3,3.0,3.0,1.0,5.0,630,0.0,0,340,970,3,4.0,970,0,0,970,1,0,1,0,2,1,3,5,7,0,0.0,1.0,2,624,3.0,3.0,2,0,24,0,0,192,0,0.0,0.0,0,7,2007,0,11.794337924408413
20,103.0,13472,3,3,2,10,5,2003,2003,922.0,5,3,5.0,3.0,4.0,5.0,56,0.0,0,2336,2392,5,4.0,2392,0,0,2392,0,0,2,0,3,1,5,8,7,1,5.0,3.0,3,968,3.0,3.0,2,248,105,0,0,0,0,0.0,0.0,0,6,2009,-1,12.770596176102071
45,50.0,5000,3,3,2,5,6,1941,1950,0.0,3,3,3.0,3.0,3.0,3.0,116,0.0,0,604,720,1,2.0,803,0,0,803,0,0,1,0,2,1,3,5,7,0,0.0,1.0,2,360,3.0,3.0,2,0,0,244,0,0,0,0.0,0.0,0,12,2007,-1,10.882080343018636
20,82.0,12464,1,3,1,5,5,1996,1996,0.0,3,4,4.0,3.0,1.0,5.0,732,0.0,0,308,1040,4,4.0,1040,0,0,1040,1,0,1,0,3,1,4,6,7,0,0.0,1.0,2,576,3.0,3.0,2,168,0,0,0,0,0,0.0,4.0,0,11,2009,0,11.931635799828413
20,100.0,13350,2,3,2,5,5,1974,1974,0.0,3,3,3.0,3.0,1.0,4.0,762,0.0,0,102,864,3,4.0,894,0,0,894,1,0,1,0,3,1,3,5,7,1,2.0,1.0,2,440,3.0,3.0,2,241,0,0,0,0,0,0.0,3.0,0,6,2006,-1,11.599747217247891
60,82.0,11287,3,3,2,7,6,1989,1989,340.0,4,3,4.0,3.0,3.0,5.0,421,0.0,0,386,807,4,4.0,1175,807,0,1982,0,0,2,1,3,1,4,7,7,1,3.0,3.0,2,575,3.0,3.0,2,0,84,0,196,0,0,0.0,0.0,0,1,2007,1,12.482239360057681
85,84.03980099502488,12122,2,3,2,7,9,1961,2007,210.0,5,3,3.0,3.0,3.0,4.0,867,0.0,0,77,944,4,4.0,999,0,0,999,1,0,1,0,3,1,5,6,7,0,0.0,2.0,2,588,3.0,3.0,2,144,76,0,0,0,0,0.0,0.0,0,7,2008,1,12.263473711039142
85,73.0,9069,3,3,2,6,6,1992,1992,0.0,3,3,4.0,3.0,3.0,5.0,747,0.0,0,189,936,5,4.0,996,0,0,996,1,0,1,0,2,1,4,5,7,0,0.0,1.0,2,564,3.0,3.0,2,120,0,0,0,0,0,0.0,0.0,0,4,2010,-1,11.607537692320934
20,50.0,6000,3,3,2,4,7,1954,2000,0.0,3,3,3.0,3.0,1.0,0.0,0,0.0,0,901,901,5,4.0,901,0,0,901,0,0,1,0,2,1,3,4,7,0,0.0,1.0,1,281,2.0,3.0,2,0,0,0,0,0,0,0.0,0.0,0,8,2008,0,11.588960151246226
30,60.0,6180,3,3,2,6,5,1926,1950,0.0,3,3,3.0,3.0,1.0,0.0,0,0.0,0,960,960,3,4.0,986,0,0,986,0,0,1,0,2,1,3,5,7,1,4.0,1.0,1,180,3.0,3.0,2,0,128,0,0,0,0,0.0,0.0,0,5,2007,1,11.831041206624134
180,21.0,1477,3,3,2,4,4,1970,1970,0.0,3,3,4.0,3.0,3.0,5.0,509,0.0,0,121,630,3,4.0,630,0,0,630,1,0,1,0,1,1,3,3,7,0,0.0,1.0,1,286,3.0,3.0,2,0,0,0,0,0,0,0.0,0.0,0,4,2009,1,11.639871944361694
20,60.0,6960,3,3,2,4,6,1970,1970,0.0,3,3,3.0,3.0,1.0,4.0,375,3.0,239,250,864,3,4.0,864,0,0,864,0,0,1,0,3,1,4,5,7,0,0.0,1.0,2,660,3.0,3.0,2,96,0,0,0,0,0,0.0,0.0,500,11,2009,-1,11.347540501800898
20,43.0,12118,2,3,2,7,5,2004,2005,108.0,4,3,5.0,3.0,2.0,0.0,0,0.0,0,1710,1710,5,4.0,1710,0,0,1710,0,0,2,0,3,1,4,7,7,1,4.0,3.0,2,550,3.0,3.0,2,100,48,0,0,180,0,0.0,0.0,0,4,2009,-1,12.226388899622878
20,67.7156862745098,11838,3,3,2,8,5,2001,2001,0.0,4,3,4.0,3.0,3.0,0.0,0,0.0,0,1753,1753,5,4.0,1788,0,0,1788,0,0,2,0,3,1,5,7,7,1,3.0,2.0,2,522,3.0,3.0,2,202,151,0,0,0,0,0.0,0.0,0,6,2009,-1,12.216314626162635
20,75.0,9750,3,3,2,6,6,1958,1958,243.0,3,3,3.0,3.0,1.0,2.0,608,0.0,0,834,1442,4,4.0,1442,0,0,1442,0,0,1,1,4,1,3,7,7,0,0.0,2.0,1,301,3.0,3.0,2,0,0,275,0,0,0,0.0,0.0,500,4,2007,1,12.167645016299657
80,65.0,10482,3,3,2,6,8,1958,1958,63.0,3,4,3.0,3.0,3.0,5.0,507,0.0,0,81,588,5,4.0,1138,0,0,1138,0,1,1,0,3,1,3,6,7,0,0.0,2.0,1,264,3.0,3.0,2,224,0,0,0,0,0,0.0,1.0,0,6,2007,-1,11.602457374671529
20,67.0,8877,3,3,1,4,6,1938,1958,0.0,3,3,3.0,3.0,2.0,4.0,690,0.0,0,126,816,5,4.0,816,0,0,816,1,0,1,0,2,1,3,3,7,1,4.0,1.0,1,288,2.0,2.0,2,0,0,0,0,0,0,0.0,0.0,0,5,2009,0,11.512925464970229
160,21.0,1680,3,3,2,6,5,1971,1971,232.0,3,3,3.0,3.0,1.0,4.0,387,0.0,0,96,483,3,4.0,483,504,0,987,0,0,1,1,2,1,3,4,7,0,0.0,1.0,1,264,3.0,3.0,2,0,0,0,0,0,0,0.0,0.0,0,7,2008,-1,10.850952451396243
50,65.0,6435,3,3,2,6,5,1939,1950,0.0,3,3,3.0,3.0,1.0,0.0,0,0.0,0,972,972,4,4.0,972,605,0,1577,0,0,1,0,3,1,2,6,7,1,4.0,1.0,1,312,3.0,3.0,2,0,0,0,0,0,0,0.0,0.0,0,10,2006,-1,11.56141034504657
60,46.0,20544,2,3,2,7,6,1986,1991,123.0,3,4,4.0,3.0,1.0,0.0,0,0.0,0,791,791,4,4.0,1236,857,0,2093,0,0,2,1,3,1,3,7,7,1,3.0,3.0,2,542,3.0,3.0,2,364,63,0,0,0,0,0.0,3.0,0,11,2008,1,12.426184425311765
50,67.7156862745098,5700,3,3,2,7,7,1926,1950,0.0,3,3,3.0,3.0,1.0,0.0,0,0.0,0,572,572,3,4.0,572,539,0,1111,0,0,1,0,2,1,3,5,7,1,4.0,1.0,1,288,3.0,3.0,2,0,0,176,0,0,0,0.0,0.0,0,8,2008,0,11.66907414746016
20,84.03980099502488,11425,2,3,2,5,6,1954,1954,0.0,3,3,3.0,3.0,1.0,3.0,486,0.0,0,522,1008,4,4.0,1008,0,0,1008,0,0,1,0,2,1,3,4,7,1,4.0,2.0,1,275,3.0,3.0,2,0,0,120,0,0,0,0.0,0.0,0,7,2006,-1,11.522560453638288
60,85.0,13600,3,3,2,7,6,1965,1990,176.0,3,3,3.0,3.0,1.0,3.0,454,0.0,0,314,768,3,4.0,1186,800,0,1986,0,0,2,1,3,1,3,7,7,3,2.0,1.0,2,486,3.0,3.0,2,0,42,0,0,189,0,0.0,0.0,0,10,2009,1,12.390115365702377
60,67.7156862745098,12205,2,3,2,6,8,1966,2007,157.0,3,3,3.0,2.0,4.0,1.0,568,0.0,0,264,832,4,4.0,976,1111,0,2087,0,0,2,1,5,1,4,9,7,0,0.0,3.0,2,444,3.0,3.0,2,133,168,0,0,0,0,0.0,0.0,0,7,2007,0,12.141534124392603
20,80.0,17400,3,3,1,5,5,1977,1977,0.0,3,3,3.0,3.0,1.0,4.0,936,0.0,0,190,1126,2,4.0,1126,0,0,1126,1,0,2,0,3,1,3,5,7,1,4.0,2.0,2,484,3.0,3.0,1,295,41,0,0,0,0,0.0,0.0,0,5,2006,0,11.982929094215963
20,61.0,7943,3,3,2,4,5,1961,1961,192.0,3,2,3.0,3.0,2.0,2.0,903,0.0,0,126,1029,4,4.0,1029,0,0,1029,1,0,1,0,3,1,3,5,7,0,0.0,1.0,1,261,3.0,3.0,2,64,0,39,0,0,0,0.0,0.0,0,4,2007,-1,11.353680232824882
20,67.7156862745098,8750,2,3,2,5,6,1970,1970,76.0,3,3,3.0,3.0,1.0,3.0,828,0.0,0,174,1002,3,4.0,1002,0,0,1002,1,0,1,0,3,1,3,5,7,0,0.0,1.0,2,902,3.0,3.0,2,0,0,0,0,0,0,0.0,3.0,0,8,2009,-1,11.623608889720124
60,59.91111111111111,10304,2,3,2,5,7,1976,1976,44.0,3,4,3.0,3.0,1.0,4.0,381,0.0,0,399,780,5,4.0,1088,780,0,1868,1,0,2,1,4,1,4,9,7,1,3.0,1.0,2,484,3.0,3.0,2,448,96,0,0,0,0,0.0,0.0,0,10,2009,1,12.359656762357968
90,70.0,8393,3,3,2,5,5,1959,2005,122.0,3,3,3.0,3.0,1.0,1.0,528,0.0,0,1098,1626,5,4.0,1712,0,0,1712,0,0,2,0,4,2,3,8,7,0,0.0,3.0,2,588,3.0,3.0,2,272,54,0,0,0,0,0.0,0.0,0,6,2006,0,11.884489021402711
60,85.0,14191,3,3,2,8,5,2002,2002,0.0,4,3,4.0,3.0,1.0,0.0,0,0.0,0,967,967,5,4.0,993,915,0,1908,0,0,2,1,4,1,4,9,7,0,0.0,3.0,2,431,3.0,3.0,2,135,0,0,0,0,0,0.0,0.0,0,4,2010,1,12.376143550261636
30,40.0,4800,3,3,2,4,7,1916,1990,0.0,3,3,3.0,3.0,1.0,1.0,197,0.0,0,999,1196,5,3.0,1196,0,0,1196,1,0,1,0,2,1,3,5,7,0,0.0,1.0,2,440,3.0,3.0,2,0,0,0,0,0,0,0.0,0.0,0,7,2007,1,11.88400446360627
70,60.0,9550,2,3,2,7,5,1915,1970,0.0,3,3,3.0,4.0,1.0,4.0,216,0.0,0,540,756,4,4.0,961,756,0,1717,1,0,1,0,3,1,4,7,7,1,4.0,1.0,3,642,3.0,3.0,2,0,35,272,0,0,0,0.0,0.0,0,2,2006,1,12.081206627616464
60,69.0,7590,3,3,2,5,5,1962,1962,288.0,3,3,3.0,3.0,1.0,4.0,540,0.0,0,324,864,3,4.0,876,936,0,1812,0,0,2,0,4,1,3,8,7,1,3.0,2.0,1,264,3.0,3.0,2,0,168,0,0,0,0,0.0,0.0,0,7,2007,0,12.040608205802641
60,75.0,9000,3,3,2,8,5,2006,2006,0.0,4,3,4.0,3.0,3.0,0.0,0,0.0,0,1088,1088,5,4.0,1088,871,0,1959,0,0,2,1,3,1,4,8,7,1,4.0,2.0,3,1025,3.0,3.0,2,208,46,0,0,0,0,0.0,0.0,0,12,2007,1,12.627049269766827
80,67.7156862745098,7750,3,3,2,8,5,2002,2002,0.0,4,3,4.0,3.0,1.0,5.0,353,0.0,0,55,408,5,4.0,779,640,0,1419,1,0,2,1,3,1,4,7,7,1,3.0,3.0,2,527,3.0,3.0,2,120,0,0,0,0,0,0.0,0.0,0,3,2009,1,12.297969820860397
160,44.0,5306,2,3,2,7,7,1987,1987,0.0,4,4,4.0,4.0,1.0,5.0,495,2.0,215,354,1064,4,4.0,1064,703,0,1767,1,0,2,0,2,1,4,5,7,1,3.0,2.0,2,504,4.0,3.0,2,441,35,0,0,0,0,0.0,0.0,0,6,2006,0,12.384218830913648
120,67.7156862745098,4426,3,3,2,6,5,2004,2004,169.0,4,3,4.0,3.0,3.0,5.0,662,0.0,0,186,848,5,4.0,848,0,0,848,1,0,1,0,1,1,4,3,7,0,0.0,2.0,2,420,3.0,3.0,2,160,0,0,0,0,0,0.0,0.0,0,5,2010,0,11.870599909242044
20,59.91111111111111,14585,2,3,2,6,6,1960,1987,85.0,3,3,3.0,3.0,1.0,3.0,594,2.0,219,331,1144,5,4.0,1429,0,0,1429,0,1,1,0,3,1,4,7,7,2,4.0,1.0,2,572,3.0,3.0,2,216,110,0,0,0,0,0.0,0.0,0,6,2007,-1,11.889690957200493
50,60.0,10930,3,3,2,5,6,1945,1950,0.0,3,3,3.0,3.0,1.0,3.0,580,0.0,0,333,913,3,3.0,1048,510,0,1558,1,0,1,1,3,1,3,6,7,1,3.0,1.0,1,288,3.0,3.0,2,0,0,0,0,0,0,0.0,0.0,0,4,2008,0,11.84939770159144
160,24.0,2522,3,3,2,7,5,2004,2004,50.0,4,3,4.0,3.0,1.0,0.0,0,0.0,0,970,970,5,4.0,970,739,0,1709,0,0,2,0,3,1,4,7,3,0,0.0,1.0,2,380,3.0,3.0,2,0,40,0,0,0,0,0.0,0.0,0,4,2006,-1,11.527515673793008
20,84.0,11670,2,3,2,9,5,2006,2006,302.0,5,3,5.0,4.0,1.0,0.0,0,0.0,0,1905,1905,5,4.0,1905,0,0,1905,0,0,2,0,3,1,5,8,7,1,4.0,3.0,3,788,3.0,3.0,2,0,191,0,0,0,0,0.0,0.0,0,3,2007,0,12.676076274775909
75,67.7156862745098,11888,2,3,2,6,6,1916,1994,0.0,3,3,3.0,3.0,1.0,0.0,0,0.0,0,844,844,4,3.0,1445,689,0,2134,0,0,2,0,5,1,4,10,7,0,0.0,1.0,2,441,3.0,3.0,2,0,60,268,0,0,0,0.0,0.0,0,7,2009,0,12.27606501735021
160,24.0,2308,3,3,2,6,6,1976,1976,0.0,3,3,4.0,3.0,1.0,4.0,556,0.0,0,248,804,3,4.0,804,744,0,1548,1,0,2,1,3,1,4,7,7,1,3.0,1.0,2,440,3.0,3.0,2,48,0,0,0,0,0,0.0,0.0,0,7,2007,-1,11.689876603851438
60,80.0,10041,2,3,2,8,5,1992,1992,0.0,4,3,4.0,3.0,2.0,5.0,789,0.0,0,119,908,5,4.0,927,988,0,1915,1,0,2,1,3,1,4,8,7,1,3.0,3.0,2,506,3.0,3.0,2,120,150,0,0,0,0,0.0,0.0,0,2,2006,0,12.301382825334498
60,75.0,7950,2,3,2,6,6,1977,1977,140.0,3,3,3.0,3.0,1.0,3.0,535,0.0,0,155,690,3,4.0,698,728,0,1426,0,0,1,1,3,1,3,6,7,0,0.0,3.0,2,440,3.0,3.0,2,252,0,0,0,0,0,0.0,3.0,0,7,2009,0,11.979799201207037
160,67.7156862745098,2665,3,3,2,5,6,1976,1976,0.0,3,3,4.0,3.0,2.0,0.0,0,0.0,0,264,264,3,4.0,616,688,0,1304,0,0,1,1,3,1,3,4,7,1,4.0,3.0,1,336,3.0,3.0,2,141,24,0,0,0,0,0.0,0.0,0,6,2008,1,11.91833742072372
50,75.0,12508,2,3,2,6,7,1940,1985,0.0,3,3,4.0,3.0,2.0,4.0,660,0.0,0,323,983,5,4.0,983,767,0,1750,1,0,2,0,4,1,3,7,4,0,0.0,1.0,1,423,3.0,3.0,2,245,0,156,0,0,0,0.0,0.0,1300,7,2008,1,12.17714228718699
85,84.03980099502488,9101,2,3,2,5,6,1978,1978,104.0,3,4,4.0,3.0,3.0,5.0,1097,0.0,0,0,1097,5,4.0,1110,0,0,1110,1,0,1,0,1,1,4,4,7,1,3.0,3.0,2,602,3.0,3.0,2,303,30,0,0,0,0,0.0,0.0,0,7,2009,1,12.201887176870171
50,60.0,7200,3,3,2,5,7,1937,1950,252.0,3,3,4.0,3.0,1.0,4.0,569,0.0,0,162,731,5,4.0,981,787,0,1768,1,0,1,1,3,1,4,7,7,2,3.0,1.0,1,240,3.0,3.0,2,0,0,264,0,0,0,0.0,3.0,0,6,2007,0,12.072541252905651
20,60.0,6600,3,3,2,5,8,1982,2003,0.0,3,4,3.0,4.0,1.0,5.0,816,0.0,0,0,816,5,4.0,816,0,0,816,1,0,1,0,2,1,3,4,7,0,0.0,3.0,2,816,3.0,3.0,2,0,0,0,0,0,0,0.0,0.0,0,6,2008,0,11.835008964139341
60,100.0,12552,3,3,2,7,5,2004,2005,0.0,4,3,4.0,3.0,1.0,5.0,222,0.0,0,769,991,5,4.0,991,956,0,1947,0,0,2,1,3,1,4,8,7,1,4.0,2.0,2,678,3.0,3.0,2,0,136,0,0,0,0,0.0,2.0,0,5,2010,1,12.573173488172044
80,82.0,9020,3,3,2,6,5,1964,1964,259.0,3,3,3.0,3.0,4.0,5.0,624,2.0,336,288,1248,3,4.0,1350,0,0,1350,1,0,1,1,3,1,3,6,7,0,0.0,2.0,2,520,3.0,3.0,2,176,0,0,0,0,0,0.0,4.0,0,6,2008,1,12.223695078872332
160,21.0,1680,3,3,2,6,5,1971,1971,236.0,3,3,3.0,3.0,1.0,0.0,0,0.0,0,672,672,3,4.0,672,546,0,1218,0,0,1,1,3,1,3,7,7,0,0.0,0.0,0,0,0.0,0.0,0,201,0,0,0,0,0,0.0,0.0,0,4,2006,0,11.424094251263613
60,83.0,10005,3,3,2,7,5,1977,1977,299.0,3,3,4.0,3.0,1.0,3.0,392,0.0,0,768,1160,5,4.0,1156,866,0,2022,0,0,2,1,4,1,3,8,7,1,3.0,3.0,2,505,3.0,3.0,2,288,117,0,0,0,0,0.0,0.0,0,3,2008,1,12.331006437493215
20,80.0,10400,3,3,2,7,6,1970,1970,288.0,3,3,3.0,3.0,1.0,0.0,0,0.0,0,1304,1304,4,4.0,1682,0,0,1682,0,0,2,0,3,1,3,7,7,1,4.0,1.0,2,530,3.0,3.0,2,98,0,0,0,0,0,0.0,3.0,0,5,2008,-1,11.831015970821234
120,67.7156862745098,3072,3,3,2,7,5,2004,2004,18.0,4,3,4.0,3.0,1.0,0.0,0,0.0,0,1375,1375,5,4.0,1414,0,0,1414,0,0,2,0,2,1,4,6,7,1,3.0,3.0,2,398,3.0,3.0,2,144,20,0,0,0,0,0.0,0.0,0,5,2006,-1,11.877297497371266
60,80.0,12435,3,3,2,7,5,2001,2001,172.0,4,3,4.0,3.0,1.0,5.0,361,0.0,0,602,963,5,4.0,963,829,0,1792,0,0,2,1,3,1,4,7,7,1,3.0,2.0,2,564,3.0,3.0,2,0,96,0,245,0,0,0.0,0.0,0,5,2008,1,12.494793501115435
60,67.7156862745098,9240,3,3,2,8,5,2001,2002,396.0,4,3,4.0,3.0,1.0,0.0,0,0.0,0,1055,1055,5,4.0,1055,1208,0,2263,0,0,2,1,3,1,4,7,7,1,3.0,3.0,2,905,3.0,3.0,2,0,45,0,0,189,0,0.0,0.0,0,9,2008,1,12.687183073924418
20,114.0,10357,2,3,2,7,5,1990,1991,0.0,4,3,4.0,3.0,2.0,5.0,738,0.0,0,172,910,4,4.0,1442,0,0,1442,1,0,2,0,3,1,4,6,7,1,3.0,3.0,2,719,3.0,3.0,2,0,244,0,0,0,0,0.0,0.0,0,5,2007,0,12.100156419938624
20,68.0,9571,3,3,2,5,3,1958,1958,0.0,3,2,3.0,2.0,1.0,0.0,0,0.0,0,1276,1276,3,3.0,1276,0,0,1276,0,0,1,0,3,1,3,5,4,0,0.0,1.0,1,350,3.0,3.0,2,0,0,0,0,0,0,0.0,0.0,0,6,2009,0,11.002099841204238
20,48.0,10635,1,3,2,8,5,2003,2003,171.0,4,3,4.0,3.0,3.0,3.0,370,5.0,972,315,1657,5,4.0,1668,0,0,1668,1,0,2,0,3,1,4,8,7,1,3.0,3.0,2,502,3.0,3.0,2,0,262,0,0,0,0,0.0,0.0,0,5,2010,0,12.354492650648448
20,67.7156862745098,12155,0,3,2,6,3,1970,1970,0.0,3,3,4.0,3.0,1.0,1.0,1237,0.0,0,420,1657,4,4.0,1657,0,0,1657,0,1,2,0,3,1,3,7,7,1,3.0,1.0,2,484,3.0,3.0,2,0,0,0,0,147,0,0.0,0.0,0,3,2007,1,12.202055704984494
20,67.7156862745098,9503,3,3,2,5,5,1958,1983,0.0,3,3,3.0,3.0,1.0,4.0,457,2.0,374,193,1024,3,4.0,1344,0,0,1344,1,0,1,0,2,1,3,6,6,1,3.0,1.0,1,484,3.0,3.0,2,316,28,0,0,0,0,0.0,2.0,0,6,2007,0,11.877568578558138
160,24.0,2280,3,3,2,6,5,1978,1978,0.0,3,3,4.0,3.0,1.0,4.0,311,0.0,0,544,855,2,4.0,855,601,0,1456,0,0,2,1,3,1,3,7,7,1,3.0,1.0,2,440,3.0,3.0,2,26,0,0,0,0,0,0.0,0.0,0,7,2010,-1,11.608401399336584
20,182.0,14572,0,3,2,7,5,2004,2004,0.0,4,3,4.0,3.0,3.0,5.0,1300,0.0,0,230,1530,5,4.0,1530,0,0,1530,1,0,2,0,3,1,4,7,7,1,4.0,3.0,3,630,3.0,3.0,2,144,36,0,0,0,0,0.0,0.0,0,11,2007,-1,12.324505893721536
20,61.0,7930,3,3,2,6,8,1969,2005,0.0,3,3,3.0,3.0,1.0,5.0,439,1.0,472,115,1026,4,4.0,1026,0,0,1026,1,0,1,0,3,1,4,5,7,0,0.0,2.0,2,440,3.0,3.0,2,171,48,0,0,0,0,0.0,0.0,0,7,2009,1,12.154906325960047
90,95.0,11345,3,3,2,5,5,1948,1950,567.0,3,3,3.0,3.0,1.0,2.0,220,0.0,0,708,928,4,3.0,928,992,0,1920,0,0,2,0,4,2,3,10,7,0,0.0,1.0,2,400,3.0,2.0,2,0,0,0,0,0,0,0.0,0.0,0,7,2007,0,11.827736204810263
120,48.0,6955,2,3,2,7,5,2005,2006,94.0,4,3,4.0,3.0,1.0,0.0,0,0.0,0,1368,1368,5,4.0,1368,0,0,1368,0,0,2,0,2,1,4,6,7,1,4.0,2.0,2,474,3.0,3.0,2,132,35,0,0,0,0,0.0,0.0,0,9,2006,1,12.377185958320425
80,92.0,6930,2,3,2,5,4,1958,1958,120.0,3,3,3.0,3.0,3.0,3.0,300,2.0,294,468,1062,5,2.0,1352,0,0,1352,0,1,1,0,3,1,4,6,5,0,0.0,1.0,1,288,3.0,3.0,2,168,0,294,0,0,0,0.0,0.0,0,7,2006,1,12.015654712721883
45,55.0,5500,3,3,2,4,6,1956,1956,0.0,3,3,3.0,3.0,1.0,0.0,0,0.0,0,882,882,5,4.0,882,0,0,882,0,0,1,0,1,1,3,4,7,0,0.0,0.0,0,0,0.0,0.0,2,0,0,0,0,0,0,0.0,3.0,0,4,2007,1,11.830501121105723
60,59.91111111111111,28698,1,3,0,5,5,1967,1967,0.0,3,3,3.0,4.0,4.0,1.0,249,4.0,764,0,1013,3,4.0,1160,966,0,2126,0,1,2,1,3,1,3,7,5,0,0.0,3.0,2,538,3.0,3.0,2,486,0,0,0,225,0,0.0,0.0,0,6,2009,0,12.128111104060462
20,67.7156862745098,7162,2,3,2,5,7,1966,1966,41.0,3,3,3.0,3.0,1.0,0.0,0,0.0,0,876,876,3,4.0,904,0,0,904,0,0,1,0,3,1,3,6,7,0,0.0,1.0,1,408,3.0,3.0,2,0,0,0,0,0,0,0.0,3.0,0,12,2008,1,11.895836765190609
60,72.0,8640,3,3,2,7,5,2009,2009,0.0,3,3,4.0,3.0,2.0,5.0,24,0.0,0,732,756,5,4.0,764,783,0,1547,0,0,2,1,3,1,4,7,7,0,0.0,1.0,2,614,3.0,3.0,2,169,45,0,0,0,0,0.0,0.0,0,6,2010,0,12.279323107269766
60,85.0,10800,3,3,2,8,5,2007,2008,100.0,4,3,5.0,3.0,1.0,5.0,789,0.0,0,245,1034,5,4.0,1050,1028,0,2078,1,0,2,1,3,1,5,8,7,1,4.0,3.0,3,836,3.0,3.0,2,0,102,0,0,0,0,0.0,0.0,0,4,2008,0,12.73596533201339
20,49.0,5820,3,3,2,3,8,1955,2005,0.0,3,4,3.0,3.0,1.0,4.0,256,0.0,0,906,1162,5,4.0,1163,0,0,1163,1,0,1,0,3,1,3,6,7,0,0.0,1.0,1,220,2.0,3.0,2,142,98,0,0,0,0,0.0,0.0,0,7,2006,1,12.003144548515813
50,50.0,6060,3,3,2,4,5,1939,1950,0.0,3,3,3.0,3.0,1.0,0.0,0,0.0,0,732,732,4,4.0,772,351,0,1123,0,0,1,0,3,1,3,4,7,0,0.0,1.0,1,264,3.0,3.0,1,0,0,140,0,0,0,0.0,3.0,0,6,2007,0,11.512925464970229
50,66.0,8712,3,3,1,4,7,1900,1950,0.0,3,3,3.0,3.0,2.0,0.0,0,0.0,0,859,859,4,4.0,859,319,0,1178,0,0,1,0,2,1,3,7,7,0,0.0,2.0,1,384,3.0,3.0,0,68,0,98,0,0,0,0.0,0.0,0,1,2010,1,11.84562241536005
90,65.0,8944,3,3,2,5,5,1967,1967,0.0,3,3,3.0,3.0,1.0,0.0,0,0.0,0,1584,1584,3,4.0,1584,0,0,1584,0,0,2,0,4,2,3,8,4,0,0.0,1.0,3,792,3.0,3.0,2,0,152,0,0,0,0,0.0,0.0,0,4,2009,-1,11.378690840030364
20,75.0,13125,3,3,1,6,5,1997,1998,215.0,3,3,4.0,3.0,4.0,5.0,994,0.0,0,484,1478,5,4.0,1493,0,0,1493,1,0,2,0,3,1,4,7,7,1,3.0,3.0,2,508,3.0,3.0,2,140,39,0,0,0,0,0.0,0.0,0,4,2008,-1,12.062914740859306
160,21.0,1680,3,3,2,5,7,1972,1972,268.0,3,3,3.0,3.0,1.0,4.0,231,0.0,0,399,630,3,4.0,630,672,0,1302,0,0,2,1,3,1,3,6,7,0,0.0,1.0,1,264,3.0,3.0,2,185,0,0,0,0,0,0.0,0.0,0,2,2009,-1,11.357479890867825
20,100.0,12919,2,3,2,9,5,2009,2010,760.0,5,3,5.0,3.0,4.0,5.0,2188,0.0,0,142,2330,5,4.0,2364,0,0,2364,1,0,2,1,2,1,5,11,7,2,4.0,3.0,3,820,3.0,3.0,2,0,67,0,0,0,0,0.0,0.0,0,3,2010,1,13.379312826521977
20,72.0,11846,2,3,2,9,5,2003,2004,562.0,4,3,5.0,3.0,4.0,5.0,1567,0.0,0,225,1792,5,4.0,1792,0,0,1792,1,0,2,0,2,1,5,6,7,1,4.0,3.0,3,874,3.0,3.0,2,206,49,0,0,0,0,0.0,0.0,0,8,2006,1,12.919131416957885
50,50.0,9000,3,3,2,6,6,1937,1950,0.0,3,4,3.0,3.0,1.0,0.0,0,0.0,0,780,780,3,4.0,780,595,0,1375,0,0,1,1,3,1,4,6,7,1,4.0,1.0,1,544,3.0,3.0,1,0,162,0,0,126,0,0.0,0.0,0,12,2007,1,12.082531122533844
120,67.7156862745098,5271,2,3,1,7,5,1986,1986,0.0,3,3,4.0,3.0,4.0,5.0,1082,0.0,0,371,1453,4,4.0,1453,0,0,1453,1,0,1,1,2,1,4,6,7,1,3.0,2.0,2,445,3.0,3.0,2,0,80,0,0,184,0,0.0,0.0,0,12,2006,-1,11.941616378941207
20,79.0,10634,3,3,2,5,6,1953,1953,0.0,3,3,3.0,3.0,1.0,3.0,428,1.0,180,0,608,3,4.0,1319,0,0,1319,1,0,1,0,3,1,3,5,5,0,0.0,1.0,1,270,3.0,3.0,2,66,0,0,0,0,0,0.0,2.0,0,11,2009,-1,11.37413143951234
50,67.7156862745098,9144,3,3,2,5,5,1940,1982,0.0,3,3,3.0,3.0,1.0,2.0,399,0.0,0,484,883,4,4.0,988,517,0,1505,1,0,1,0,3,1,3,8,7,0,0.0,1.0,1,240,3.0,3.0,0,0,0,0,0,0,0,0.0,0.0,0,7,2008,0,11.884489021402711
160,24.0,2522,3,3,2,6,5,2004,2006,50.0,4,3,4.0,3.0,1.0,0.0,0,0.0,0,970,970,5,4.0,970,739,0,1709,0,0,2,0,3,1,4,7,3,0,0.0,1.0,2,380,3.0,3.0,2,0,40,0,0,0,0,0.0,0.0,0,4,2006,1,12.018427882813
60,60.0,3378,3,3,2,7,8,1946,1992,0.0,3,4,3.0,3.0,1.0,0.0,0,0.0,0,651,651,4,4.0,707,682,0,1389,0,0,1,1,3,1,3,6,7,2,4.0,1.0,1,240,3.0,3.0,1,0,0,126,0,0,0,0.0,0.0,0,9,2009,1,12.051572255313637
20,67.7156862745098,12342,2,3,2,5,5,1960,1978,0.0,3,3,3.0,3.0,1.0,0.0,0,0.0,0,978,978,3,4.0,1422,0,0,1422,0,0,1,0,3,1,3,6,6,1,3.0,2.0,1,286,3.0,3.0,2,0,0,36,0,0,0,0.0,2.0,600,8,2007,0,11.848683160653573
75,174.0,25419,3,3,2,8,4,1918,1990,0.0,4,4,3.0,3.0,1.0,5.0,1036,1.0,184,140,1360,4,4.0,1360,1360,392,3112,1,1,2,0,4,1,4,8,7,1,5.0,1.0,2,795,3.0,3.0,2,0,16,552,0,0,512,5.0,4.0,0,3,2006,-1,12.205303724456392
60,79.0,12420,3,3,2,7,5,2001,2001,0.0,4,3,4.0,3.0,1.0,5.0,666,0.0,0,278,944,5,4.0,944,896,0,1840,1,0,2,1,3,1,4,6,7,0,0.0,2.0,2,622,3.0,3.0,2,0,45,0,0,0,0,0.0,0.0,0,6,2009,1,12.482105336659368
70,86.0,22420,2,3,2,6,6,1918,1950,0.0,3,3,4.0,3.0,1.0,3.0,1128,0.0,0,242,1370,3,3.0,1370,1254,0,2624,1,0,2,1,4,1,3,10,7,1,4.0,1.0,3,864,3.0,3.0,0,0,0,0,0,0,0,0.0,0.0,0,11,2007,1,12.52130546647959
160,67.7156862745098,2117,3,3,2,6,5,2000,2000,513.0,4,3,4.0,3.0,1.0,5.0,420,0.0,0,336,756,5,4.0,756,756,0,1512,0,0,2,1,2,1,4,4,7,1,3.0,1.0,2,440,3.0,3.0,2,0,32,0,0,0,0,0.0,0.0,0,6,2007,0,12.034691028774553
20,110.0,14230,3,3,2,8,5,2007,2007,640.0,4,3,4.0,3.0,1.0,0.0,0,0.0,0,1566,1566,5,4.0,1600,0,0,1600,0,0,2,0,3,1,4,7,7,1,4.0,2.0,3,890,3.0,3.0,2,0,56,0,0,0,0,0.0,0.0,0,7,2009,1,12.582489655190079
20,95.0,11639,3,3,2,7,5,2007,2008,0.0,4,3,4.0,3.0,1.0,0.0,0,0.0,0,1428,1428,5,4.0,1428,0,0,1428,0,0,2,0,3,1,4,6,7,0,0.0,3.0,2,480,3.0,3.0,2,0,120,0,0,0,0,0.0,0.0,0,12,2008,-1,11.902810170902242
20,67.7156862745098,9000,3,3,2,5,3,1959,1959,0.0,3,3,3.0,3.0,1.0,5.0,288,0.0,0,718,1006,3,4.0,1006,0,0,1006,0,0,1,0,3,1,3,5,7,0,0.0,0.0,0,0,0.0,0.0,2,0,24,0,0,0,0,0.0,0.0,0,7,2008,1,11.664579088144697
190,70.0,7000,3,3,2,5,7,1910,1991,0.0,3,3,4.0,3.0,4.0,5.0,969,0.0,0,148,1117,3,4.0,820,527,0,1347,1,0,1,0,3,1,3,5,7,0,0.0,0.0,0,0,0.0,0.0,0,85,0,148,0,0,0,0.0,0.0,0,1,2008,1,11.862512496143339
60,59.91111111111111,24682,0,3,2,6,5,1999,1999,0.0,3,3,4.0,3.0,1.0,0.0,0,0.0,0,841,841,5,4.0,892,783,0,1675,0,0,2,1,3,1,3,7,7,1,3.0,3.0,2,502,3.0,3.0,2,0,103,0,0,0,0,0.0,0.0,0,6,2009,-1,11.888487781148198
50,70.0,8737,2,3,2,6,7,1923,1950,0.0,3,3,4.0,3.0,1.0,2.0,300,0.0,0,765,1065,5,3.0,915,720,0,1635,0,0,1,1,3,1,3,6,7,1,4.0,1.0,2,440,3.0,3.0,2,0,38,0,144,0,0,0.0,0.0,0,5,2007,0,12.254862809699606
85,68.0,7838,3,3,2,5,5,1967,1967,0.0,3,3,3.0,3.0,3.0,4.0,769,0.0,0,95,864,3,4.0,900,0,0,900,1,0,1,0,3,1,3,6,7,1,1.0,2.0,1,288,3.0,3.0,2,175,144,0,0,0,0,0.0,1.0,0,12,2006,1,11.9705528494025
50,60.0,9084,3,3,2,5,6,1941,1950,0.0,3,3,3.0,2.0,2.0,1.0,236,2.0,380,0,616,3,4.0,616,495,0,1111,0,1,1,0,3,1,3,5,7,0,0.0,1.0,1,200,3.0,2.0,2,48,0,0,0,0,0,0.0,0.0,0,3,2008,0,11.461632170582678
20,134.0,17755,3,3,2,5,4,1959,1959,132.0,3,3,3.0,3.0,1.0,3.0,176,0.0,0,1290,1466,3,4.0,1466,0,0,1466,0,0,1,1,3,1,2,6,7,2,4.0,3.0,2,528,3.0,3.0,2,0,140,0,0,100,0,0.0,0.0,0,11,2006,0,11.917723684090689
20,75.0,9000,3,3,2,8,5,2008,2008,36.0,4,3,4.0,3.0,3.0,5.0,1078,0.0,0,488,1566,5,4.0,1566,0,0,1566,1,0,2,0,3,1,4,7,7,0,0.0,2.0,2,750,3.0,3.0,2,144,168,0,0,0,0,0.0,0.0,0,4,2010,1,12.600502014122862
20,83.0,10159,2,3,2,9,5,2009,2010,450.0,5,3,5.0,3.0,3.0,5.0,1646,0.0,0,284,1930,5,4.0,1940,0,0,1940,1,0,2,1,3,1,5,8,7,1,4.0,3.0,3,606,3.0,3.0,2,168,95,0,0,0,0,0.0,0.0,0,4,2010,1,12.969290598824617
50,51.0,6120,3,3,2,5,6,1936,1950,0.0,3,2,3.0,3.0,1.0,0.0,0,0.0,0,927,927,3,4.0,1067,472,0,1539,0,0,1,1,3,1,3,5,7,0,0.0,1.0,2,576,3.0,3.0,2,112,0,0,0,0,0,0.0,3.0,0,4,2009,-1,11.585999919842338
85,90.0,10012,3,3,2,4,5,1972,1972,0.0,3,3,4.0,3.0,3.0,3.0,920,2.0,180,38,1138,3,4.0,1181,0,0,1181,1,0,2,0,3,1,3,6,7,0,0.0,2.0,2,588,3.0,3.0,2,0,0,180,0,0,0,0.0,3.0,0,4,2008,0,11.831379196088763
20,60.0,7200,3,3,2,5,8,1950,2002,0.0,3,3,3.0,3.0,1.0,4.0,398,3.0,149,317,864,4,4.0,864,0,0,864,1,0,1,0,3,1,4,5,7,0,0.0,2.0,2,720,3.0,3.0,2,194,0,0,0,0,0,0.0,0.0,0,7,2007,1,12.007343704652955
60,67.7156862745098,12046,2,3,2,6,6,1976,1976,298.0,3,3,3.0,3.0,1.0,1.0,156,0.0,0,692,848,3,4.0,1118,912,0,2030,0,0,2,1,4,1,4,8,7,1,3.0,3.0,2,551,3.0,3.0,2,0,224,0,0,0,0,0.0,0.0,0,6,2007,1,12.352349831889958
60,104.0,13518,3,3,2,9,5,2008,2009,860.0,5,3,5.0,3.0,1.0,0.0,0,0.0,0,1926,1926,5,4.0,1966,1174,0,3140,0,0,3,1,4,1,5,11,7,2,4.0,3.0,3,820,3.0,3.0,2,144,78,0,0,0,0,0.0,0.0,0,7,2009,1,13.161508020060753
20,74.0,8892,3,3,2,5,7,1953,1996,0.0,4,3,3.0,3.0,3.0,0.0,0,0.0,0,105,105,4,4.0,910,0,0,910,0,0,1,0,3,1,4,5,7,0,0.0,1.0,2,414,3.0,3.0,2,196,0,150,0,0,0,0.0,2.0,0,10,2008,1,11.923862592716793
60,77.0,9965,3,3,2,8,5,2006,2007,340.0,4,3,5.0,3.0,4.0,5.0,1150,0.0,0,316,1466,5,4.0,1466,1362,0,2828,1,0,3,0,4,1,4,11,7,1,3.0,2.0,3,1052,3.0,3.0,2,125,144,0,0,0,0,0.0,0.0,0,4,2007,1,13.03805185034855
80,102.0,10192,2,3,2,7,6,1968,1992,143.0,3,3,3.0,3.0,1.0,0.0,0,0.0,0,570,570,4,4.0,1222,698,0,1920,0,0,3,0,4,1,4,8,7,1,3.0,2.0,2,487,3.0,3.0,2,0,98,0,0,0,0,0.0,4.0,0,9,2006,-1,11.826289760948693
50,50.0,8635,3,3,2,5,5,1948,2001,0.0,3,3,3.0,3.0,1.0,3.0,336,5.0,41,295,672,3,4.0,1072,213,0,1285,1,0,1,0,2,1,3,6,6,0,0.0,1.0,1,240,3.0,3.0,2,0,0,0,0,0,0,0.0,3.0,0,1,2008,1,11.993504184380829
60,80.0,9364,3,3,2,6,7,1969,1969,143.0,3,3,3.0,3.0,1.0,4.0,371,0.0,0,292,663,3,4.0,663,689,0,1352,0,0,1,1,4,1,3,7,7,0,0.0,3.0,1,299,3.0,3.0,2,379,36,0,0,0,0,0.0,3.0,0,3,2010,-1,11.730726976925604
50,52.0,5720,3,3,2,5,6,1941,1950,0.0,3,3,3.0,3.0,1.0,0.0,0,0.0,0,676,676,5,4.0,676,455,0,1131,0,0,1,1,3,1,3,5,7,0,0.0,1.0,1,200,3.0,3.0,2,26,0,0,0,0,0,0.0,0.0,0,8,2009,0,11.104957226643945
20,65.0,7150,3,3,2,5,5,1967,1967,60.0,3,3,3.0,3.0,1.0,3.0,432,0.0,0,460,892,3,4.0,892,0,0,892,0,0,1,0,3,1,3,5,7,0,0.0,2.0,1,288,3.0,3.0,2,0,0,0,0,0,0,0.0,2.0,0,7,2009,0,11.512925464970229
20,92.0,11932,3,3,2,8,5,2007,2008,186.0,4,3,4.0,3.0,1.0,0.0,0,0.0,0,1580,1580,5,4.0,1580,0,0,1580,0,0,2,0,3,1,4,7,7,0,0.0,2.0,3,830,3.0,3.0,2,0,24,0,0,0,0,0.0,0.0,0,6,2008,0,12.367885325692589
20,37.0,6951,2,3,2,5,5,1984,1985,0.0,3,3,3.0,3.0,1.0,4.0,658,0.0,0,218,876,3,4.0,923,0,0,923,1,0,1,0,3,1,3,5,7,0,0.0,1.0,1,264,3.0,3.0,2,362,0,0,0,0,0,0.0,3.0,0,10,2008,-1,11.35338989950567
50,52.0,6240,3,3,2,5,6,1928,1950,0.0,3,3,3.0,3.0,1.0,0.0,0,0.0,0,1042,1042,5,4.0,1042,534,0,1576,0,0,1,0,3,1,3,8,7,1,4.0,1.0,1,225,3.0,3.0,2,0,0,0,0,0,0,0.0,0.0,0,8,2006,1,12.123373284532448
20,72.0,8640,3,3,2,8,5,2009,2009,72.0,4,3,4.0,3.0,2.0,5.0,936,0.0,0,364,1300,5,4.0,1314,0,0,1314,1,0,2,0,3,1,4,6,7,0,0.0,2.0,2,552,3.0,3.0,2,135,112,0,0,0,0,0.0,0.0,0,9,2009,1,12.484314235227622
80,70.0,8163,3,3,2,5,6,1959,1959,128.0,3,4,3.0,3.0,3.0,4.0,748,3.0,294,102,1144,3,4.0,1144,0,0,1144,1,0,1,0,3,1,3,6,7,1,3.0,2.0,1,796,3.0,3.0,2,86,0,0,0,0,0,0.0,0.0,0,3,2006,-1,11.57264014824945
20,80.0,11040,3,3,2,6,7,1971,2004,144.0,4,4,3.0,3.0,1.0,4.0,656,0.0,0,602,1258,5,4.0,1258,0,0,1258,0,1,2,0,3,1,4,5,7,0,0.0,2.0,2,528,3.0,3.0,2,55,0,0,216,0,0,0.0,0.0,0,10,2008,-1,11.594498449259476
20,78.0,10140,3,3,2,6,6,1974,1999,99.0,3,3,3.0,3.0,1.0,4.0,663,1.0,377,0,1040,2,4.0,1309,0,0,1309,1,0,1,1,3,1,4,5,7,1,2.0,2.0,2,484,3.0,3.0,2,265,0,0,0,0,648,2.0,4.0,0,1,2006,0,12.106252310247962
60,149.0,12589,1,3,2,6,5,2005,2005,0.0,4,3,4.0,3.0,1.0,0.0,0,0.0,0,742,742,5,4.0,742,742,0,1484,0,0,2,1,3,1,4,8,7,1,4.0,3.0,2,390,3.0,3.0,2,36,24,0,0,0,0,0.0,0.0,0,6,2009,-1,11.836846017997322
30,85.0,10625,3,3,2,5,5,1920,1950,0.0,3,3,3.0,3.0,1.0,4.0,108,0.0,0,350,458,2,4.0,835,0,0,835,0,0,1,0,2,1,3,5,7,0,0.0,1.0,1,366,2.0,3.0,2,0,0,77,0,0,0,0.0,0.0,400,5,2010,0,11.326595886778735
60,75.0,11404,2,3,2,7,5,1998,1999,202.0,4,3,4.0,3.0,3.0,4.0,252,0.0,0,901,1153,5,4.0,1153,878,0,2031,0,0,2,1,3,1,4,8,7,1,3.0,3.0,2,541,3.0,3.0,2,192,84,0,0,0,0,0.0,0.0,0,7,2008,1,12.45953527410109
190,60.0,11340,3,3,2,4,6,1885,1950,0.0,3,3,3.0,3.0,1.0,0.0,0,0.0,0,777,777,4,4.0,1246,1044,0,2290,0,0,2,0,4,2,3,11,7,0,0.0,1.0,2,560,3.0,3.0,0,0,0,114,0,0,0,0.0,0.0,0,4,2010,-1,11.374170306239353
60,67.7156862745098,14364,2,3,1,7,5,1988,1989,128.0,4,3,4.0,3.0,4.0,5.0,1065,0.0,0,92,1157,5,4.0,1180,882,0,2062,1,0,2,1,3,1,3,7,7,1,4.0,3.0,2,454,3.0,3.0,2,60,55,0,0,154,0,0.0,0.0,0,4,2007,-1,12.394562440873395
60,80.0,16692,2,3,2,7,5,1978,1978,184.0,3,3,4.0,3.0,1.0,3.0,790,1.0,469,133,1392,3,4.0,1392,1392,0,2784,1,0,3,1,5,1,4,12,7,2,3.0,2.0,2,564,3.0,3.0,2,0,112,0,0,440,519,2.0,3.0,2000,7,2006,1,12.567785456824453
20,128.0,12160,3,3,2,6,4,1953,1953,90.0,3,3,3.0,3.0,1.0,3.0,1024,0.0,0,481,1505,5,4.0,1505,0,0,1505,1,0,1,0,2,1,3,6,7,1,3.0,2.0,2,505,3.0,3.0,2,0,0,0,162,0,0,0.0,0.0,0,2,2009,-1,11.65146311116394
20,59.91111111111111,26142,2,3,2,5,7,1962,1962,189.0,3,3,3.0,3.0,1.0,2.0,593,0.0,0,595,1188,3,4.0,1188,0,0,1188,0,0,1,0,3,1,3,6,7,0,0.0,1.0,1,312,3.0,3.0,1,261,39,0,0,0,0,0.0,0.0,0,4,2010,1,12.170865180617609
60,72.0,11317,3,3,2,7,5,2003,2003,101.0,4,3,4.0,3.0,1.0,0.0,0,0.0,0,840,840,5,4.0,840,828,0,1668,0,0,2,1,3,1,4,8,7,0,0.0,2.0,2,500,3.0,3.0,2,144,68,0,0,0,0,0.0,0.0,0,9,2007,-1,11.872238745753489
60,83.0,13159,2,3,2,7,5,2009,2009,0.0,3,3,5.0,3.0,3.0,0.0,0,0.0,0,846,846,4,4.0,846,846,0,1692,0,0,2,1,3,1,4,6,7,0,0.0,2.0,2,650,3.0,3.0,2,208,114,0,0,0,0,0.0,0.0,0,7,2009,1,12.472951462944229
60,90.0,11700,3,3,2,6,6,1968,1968,420.0,3,3,3.0,3.0,1.0,4.0,404,0.0,0,304,708,4,4.0,708,708,0,1416,0,0,2,1,3,1,3,7,7,1,3.0,2.0,2,776,3.0,3.0,2,0,169,0,0,119,0,0.0,0.0,0,5,2006,1,12.278193348165376
20,66.0,7800,2,3,2,5,5,1964,1964,0.0,3,3,3.0,3.0,1.0,2.0,312,1.0,600,0,912,3,4.0,912,0,0,912,0,0,1,0,2,1,3,5,7,0,0.0,1.0,1,288,3.0,3.0,2,0,0,0,0,0,0,0.0,0.0,0,11,2006,-1,11.286288391379301
80,67.7156862745098,12800,3,3,1,7,5,1989,1989,145.0,4,3,4.0,3.0,4.0,5.0,1518,0.0,0,0,1518,4,4.0,1644,0,0,1644,1,1,2,0,2,1,4,5,7,1,3.0,3.0,2,569,3.0,3.0,2,80,0,0,0,396,0,0.0,0.0,0,8,2009,1,12.641210065746195
20,140.0,19138,3,3,2,4,5,1951,1951,0.0,3,3,3.0,3.0,1.0,1.0,120,0.0,0,744,864,5,4.0,864,0,0,864,0,0,1,0,2,1,3,4,7,0,0.0,1.0,2,400,3.0,3.0,2,0,0,0,0,0,0,0.0,0.0,0,6,2010,-1,11.576840825206734
70,60.0,9600,3,3,2,5,7,1910,2002,0.0,3,4,2.0,2.0,1.0,0.0,0,0.0,0,264,264,5,4.0,768,664,0,1432,0,0,2,0,2,1,3,7,7,0,0.0,1.0,2,360,3.0,4.0,2,270,0,112,0,0,0,0.0,4.0,0,5,2007,0,11.790557201568507
50,44.0,13758,2,3,2,7,5,1990,1991,117.0,4,4,4.0,3.0,2.0,1.0,902,0.0,0,254,1156,5,4.0,1187,530,0,1717,0,0,2,1,3,1,4,7,7,1,3.0,2.0,2,400,3.0,3.0,2,168,36,0,0,0,0,0.0,0.0,0,4,2007,1,12.31800926089945
20,129.0,16737,3,3,2,9,5,2004,2005,66.0,4,3,5.0,3.0,3.0,5.0,1447,0.0,0,533,1980,5,4.0,1980,0,0,1980,1,0,2,0,3,1,5,8,7,1,4.0,3.0,3,770,3.0,3.0,2,194,45,0,0,0,0,0.0,0.0,0,9,2006,-1,12.551756051250162
20,73.0,8993,2,3,2,7,5,2007,2007,0.0,4,3,4.0,3.0,3.0,0.0,0,0.0,0,1302,1302,5,4.0,1302,0,0,1302,0,0,2,0,3,1,4,6,7,0,0.0,3.0,2,436,3.0,3.0,2,0,22,0,0,0,0,0.0,0.0,0,8,2007,-1,11.849458125839247
50,54.0,6342,3,3,2,5,8,1875,1996,0.0,3,4,3.0,3.0,1.0,0.0,0,0.0,0,780,780,4,4.0,780,240,0,1020,0,0,1,0,2,1,3,6,7,0,0.0,0.0,0,0,0.0,0.0,0,0,0,176,0,0,0,0.0,0.0,0,5,2010,-1,10.968817284665182
20,65.0,8125,3,3,2,6,5,1994,1998,258.0,3,3,4.0,3.0,1.0,5.0,1138,0.0,0,270,1408,5,4.0,1679,0,0,1679,1,0,2,0,3,1,4,7,7,1,2.0,2.0,2,575,3.0,3.0,2,224,42,0,0,0,0,0.0,0.0,0,10,2008,-1,11.97511726881414
90,80.0,11600,3,3,2,5,5,1960,1960,361.0,3,3,3.0,3.0,1.0,2.0,443,0.0,0,662,1105,3,3.0,1105,1169,0,2274,0,0,2,0,5,2,3,12,7,0,0.0,1.0,2,480,3.0,3.0,2,0,0,0,0,0,0,0.0,0.0,0,1,2010,1,12.15449238460925
20,70.0,13300,3,3,2,5,7,1956,2000,0.0,3,3,4.0,3.0,1.0,2.0,377,0.0,0,551,928,3,4.0,928,0,0,928,0,0,1,0,2,1,3,4,7,0,0.0,1.0,1,252,3.0,3.0,2,261,0,156,0,0,0,0.0,0.0,0,6,2007,-1,11.500902296489466
20,84.03980099502488,8978,2,3,2,5,5,1968,1968,0.0,3,3,3.0,3.0,1.0,0.0,0,0.0,0,948,948,3,4.0,948,0,0,948,0,0,1,0,3,1,3,6,7,0,0.0,1.0,1,300,3.0,3.0,2,147,0,0,0,0,0,0.0,0.0,0,5,2007,0,11.589886506106357
90,64.0,7018,3,3,2,5,5,1979,1979,0.0,3,2,0.0,0.0,0.0,0.0,0,0.0,0,0,0,3,4.0,1535,0,0,1535,0,0,2,0,4,2,3,8,7,0,0.0,1.0,2,410,3.0,3.0,2,0,0,0,0,0,0,0.0,0.0,0,6,2009,-1,11.342216791073392
120,50.0,8012,3,3,2,6,5,1993,1994,0.0,4,3,4.0,3.0,1.0,1.0,165,5.0,841,598,1604,5,4.0,1617,0,0,1617,1,0,2,0,2,1,4,5,7,1,2.0,2.0,2,533,3.0,3.0,2,0,69,0,0,0,0,0.0,0.0,0,7,2008,-1,11.976826230188362
20,88.0,11443,3,3,2,8,5,2005,2006,208.0,4,3,5.0,3.0,4.0,5.0,1460,0.0,0,408,1868,5,4.0,2028,0,0,2028,1,0,2,0,2,1,4,7,7,2,4.0,2.0,3,880,3.0,3.0,2,326,66,0,0,0,0,0.0,0.0,0,3,2006,-1,12.721044064832295
120,67.7156862745098,3196,3,3,2,8,5,2003,2003,40.0,4,3,4.0,3.0,4.0,0.0,0,0.0,0,1273,1273,5,4.0,1456,0,0,1456,0,0,2,0,2,1,4,7,7,1,3.0,3.0,2,400,3.0,3.0,2,143,20,0,0,0,0,0.0,0.0,0,5,2006,0,12.2783933071098
50,50.0,5000,3,3,2,5,6,1924,1950,0.0,3,3,3.0,3.0,1.0,1.0,218,0.0,0,808,1026,3,4.0,1026,665,0,1691,0,0,2,0,3,1,4,6,7,1,4.0,1.0,1,308,3.0,3.0,2,0,0,242,0,0,0,0.0,0.0,0,5,2010,-1,11.438629864285014
50,57.0,7558,3,3,2,6,6,1928,1950,0.0,3,3,3.0,3.0,1.0,0.0,0,0.0,0,896,896,4,4.0,1172,741,0,1913,0,0,1,1,3,1,3,9,7,1,3.0,1.0,2,342,2.0,2.0,2,0,0,0,0,0,0,0.0,0.0,0,3,2009,-1,11.862381501627537
30,84.03980099502488,5890,3,3,2,6,8,1930,2007,0.0,4,4,3.0,3.0,3.0,4.0,538,0.0,0,278,816,5,4.0,816,0,0,816,0,0,1,0,2,1,3,5,7,0,0.0,1.0,1,432,3.0,3.0,2,0,0,96,0,0,0,0.0,0.0,0,6,2008,1,11.940456062264426
30,98.0,8731,2,3,2,5,5,1920,1950,0.0,3,2,3.0,3.0,1.0,3.0,645,0.0,0,270,915,3,4.0,1167,0,0,1167,0,0,1,0,3,1,3,6,3,1,4.0,1.0,2,495,3.0,3.0,2,0,0,216,0,126,0,0.0,0.0,0,5,2007,1,12.088259315454774
20,70.0,8176,3,3,2,5,6,1958,1992,0.0,3,3,3.0,3.0,1.0,2.0,846,0.0,0,210,1056,2,4.0,1056,0,0,1056,1,0,1,0,3,1,3,6,7,0,0.0,2.0,1,308,3.0,3.0,2,0,0,0,0,0,0,0.0,0.0,0,8,2007,-1,11.560736620271458
20,50.0,6000,3,3,2,5,5,1948,1950,0.0,3,3,3.0,3.0,1.0,4.0,104,3.0,169,516,789,5,4.0,789,0,0,789,0,0,1,0,2,1,3,5,7,0,0.0,1.0,1,250,3.0,3.0,2,0,0,0,0,0,0,0.0,0.0,0,4,2008,-1,11.287597306478087
20,60.0,11100,3,3,2,4,7,1946,2006,0.0,3,3,0.0,0.0,0.0,0.0,0,0.0,0,0,0,5,4.0,930,0,0,930,0,0,1,0,2,1,4,6,7,0,0.0,1.0,1,308,3.0,3.0,2,0,0,0,0,0,0,0.0,0.0,0,4,2010,1,11.681178589169766
30,60.0,6324,2,3,2,4,6,1927,1950,0.0,3,3,3.0,3.0,1.0,0.0,0,0.0,0,520,520,2,4.0,520,0,0,520,0,0,1,0,1,1,2,4,7,0,0.0,1.0,1,240,2.0,3.0,2,49,0,87,0,0,0,0.0,0.0,0,5,2008,-1,10.42797030422282
60,116.0,13474,3,3,2,7,5,1990,1991,246.0,4,3,4.0,3.0,1.0,4.0,700,0.0,0,0,700,4,4.0,1122,1121,0,2243,1,0,2,1,4,1,4,8,7,1,3.0,2.0,3,746,3.0,3.0,2,127,44,224,0,0,0,0.0,0.0,0,6,2007,1,12.473338970992694
60,67.7156862745098,18450,2,3,2,6,5,1965,1979,113.0,3,4,4.0,3.0,1.0,1.0,187,2.0,723,111,1021,3,4.0,1465,915,0,2380,0,0,2,1,3,1,3,7,1,1,1.0,1.0,2,596,3.0,3.0,2,0,265,0,0,0,0,0.0,0.0,0,8,2007,1,12.008270461122738
70,60.0,10440,3,3,2,5,8,1904,2002,0.0,3,3,3.0,3.0,1.0,0.0,0,0.0,0,650,650,4,4.0,958,581,0,1539,0,0,2,0,3,1,4,8,7,1,1.0,1.0,2,686,4.0,3.0,1,70,78,68,0,0,0,0.0,0.0,0,6,2008,1,12.166739184031064
20,88.0,12803,2,3,2,7,5,2002,2002,99.0,4,3,4.0,3.0,2.0,5.0,922,0.0,0,572,1494,5,4.0,1494,0,0,1494,1,0,2,0,3,1,4,6,7,1,3.0,2.0,2,530,3.0,3.0,2,192,36,0,0,0,0,0.0,0.0,0,9,2008,-1,12.126186887137594
50,52.0,8741,3,3,2,6,4,1945,1950,0.0,3,3,3.0,2.0,1.0,1.0,94,0.0,0,641,735,3,3.0,798,689,0,1487,0,0,1,1,3,1,3,7,7,1,4.0,1.0,1,220,3.0,3.0,2,0,140,0,0,0,0,0.0,3.0,0,4,2010,1,11.910710713873597
80,84.03980099502488,12095,2,3,2,6,6,1964,1964,115.0,3,4,3.0,3.0,4.0,2.0,564,0.0,0,563,1127,3,4.0,1445,0,0,1445,0,0,1,1,3,1,3,7,7,1,2.0,2.0,2,645,3.0,3.0,2,180,0,0,0,0,0,0.0,3.0,0,8,2009,0,11.970350312009105
60,75.0,9803,3,3,2,7,5,2005,2005,0.0,4,3,4.0,3.0,1.0,5.0,400,0.0,0,466,866,4,4.0,866,902,0,1768,0,0,2,1,3,1,4,7,7,0,0.0,2.0,2,603,3.0,3.0,2,0,108,0,0,0,0,0.0,0.0,0,2,2008,1,12.482223804191209
60,62.0,7917,3,3,2,6,5,1999,2000,0.0,3,3,4.0,3.0,1.0,0.0,0,0.0,0,953,953,5,4.0,953,694,0,1647,0,0,2,1,3,1,3,7,7,1,3.0,2.0,2,460,3.0,3.0,2,0,40,0,0,0,0,0.0,0.0,0,8,2007,-1,11.837164502017476
60,85.0,10574,3,3,2,8,5,2005,2006,0.0,4,3,4.0,3.0,2.0,0.0,0,0.0,0,1082,1082,5,4.0,1082,871,0,1953,0,0,2,1,3,1,4,9,7,1,4.0,2.0,3,1043,3.0,3.0,2,160,50,0,0,0,0,0.0,0.0,0,5,2009,-1,12.285668907497696
20,63.0,8500,3,3,2,7,5,2004,2004,106.0,4,3,4.0,3.0,3.0,0.0,0,0.0,0,1422,1422,5,4.0,1422,0,0,1422,0,0,2,0,3,1,4,7,7,0,0.0,2.0,2,626,3.0,3.0,2,192,60,0,0,0,0,0.0,0.0,0,11,2007,-1,11.87713180771078
20,65.0,25095,2,3,0,5,8,1968,2003,0.0,3,3,3.0,3.0,4.0,5.0,1324,0.0,0,113,1437,5,4.0,1473,0,0,1473,2,0,1,0,1,1,5,5,7,2,4.0,1.0,1,452,3.0,3.0,2,0,48,0,0,60,0,0.0,0.0,0,6,2009,-1,11.597724636891021
50,60.0,10800,3,3,2,5,6,1915,1950,0.0,3,4,2.0,3.0,1.0,1.0,686,0.0,0,0,686,3,4.0,966,686,0,1652,1,0,2,0,4,1,3,7,7,0,0.0,1.0,1,416,3.0,3.0,2,0,0,196,0,0,0,0.0,0.0,1200,6,2010,0,11.842229212112828
20,112.0,10859,3,3,2,5,5,1994,1995,0.0,3,3,4.0,3.0,1.0,0.0,0,0.0,0,1097,1097,5,4.0,1097,0,0,1097,0,0,1,1,3,1,3,6,7,0,0.0,1.0,2,672,3.0,3.0,2,392,64,0,0,0,0,0.0,0.0,0,6,2009,1,12.101871810488355
60,67.7156862745098,7685,2,3,2,6,5,1993,1994,112.0,3,3,4.0,3.0,1.0,4.0,518,0.0,0,179,697,4,4.0,697,804,0,1501,0,0,2,1,3,1,4,6,7,1,3.0,3.0,2,420,3.0,3.0,2,190,63,0,0,0,0,0.0,0.0,0,5,2006,0,12.017330520933296
70,50.0,2500,3,3,2,7,8,1915,2005,0.0,4,3,3.0,3.0,1.0,4.0,299,0.0,0,611,910,5,4.0,916,910,0,1826,1,0,1,1,4,1,5,7,5,1,4.0,1.0,1,164,2.0,2.0,2,0,0,0,0,0,0,0.0,0.0,0,6,2009,-1,11.708545259611208
20,80.0,9600,3,3,2,5,6,1959,1959,132.0,3,3,3.0,3.0,1.0,4.0,991,0.0,0,50,1041,5,4.0,1041,0,0,1041,1,0,1,0,3,1,3,6,7,0,0.0,2.0,1,270,3.0,3.0,2,224,88,0,0,0,0,0.0,3.0,0,7,2009,-1,11.41123542837055
50,52.0,6240,3,3,2,5,7,1930,1992,0.0,3,3,3.0,3.0,1.0,0.0,0,0.0,0,1078,1078,3,4.0,1128,445,0,1573,0,0,2,0,3,1,3,8,7,1,4.0,1.0,2,360,3.0,3.0,1,0,0,0,0,0,0,0.0,0.0,0,6,2008,1,12.185015276664723
20,62.0,7500,3,3,2,7,5,2004,2005,0.0,4,3,4.0,3.0,1.0,5.0,410,0.0,0,811,1221,5,4.0,1221,0,0,1221,1,0,2,0,2,1,4,6,7,0,0.0,2.0,2,400,3.0,3.0,2,0,113,0,0,0,0,0.0,0.0,0,10,2009,1,12.302785627368383
120,67.7156862745098,2887,3,3,2,6,5,1996,1997,0.0,3,3,4.0,3.0,2.0,5.0,1003,0.0,0,288,1291,5,4.0,1291,0,0,1291,1,0,1,0,2,1,4,6,7,1,4.0,1.0,2,431,3.0,3.0,2,307,0,0,0,0,0,0.0,0.0,0,11,2008,0,12.061046873479915
50,52.0,9439,3,3,2,5,5,1930,1950,0.0,3,3,3.0,3.0,1.0,1.0,324,0.0,0,588,912,4,3.0,912,336,0,1248,0,0,1,0,2,1,3,6,7,0,0.0,1.0,1,160,2.0,2.0,2,0,0,192,0,0,0,0.0,0.0,0,3,2007,1,11.716052703741562
20,70.0,8400,3,3,2,6,3,1957,1957,0.0,3,3,3.0,3.0,1.0,4.0,189,2.0,661,628,1478,4,4.0,1478,0,0,1478,1,0,1,1,3,1,3,6,7,2,4.0,2.0,2,442,3.0,3.0,2,114,0,0,0,216,0,0.0,0.0,0,6,2009,1,12.157065611114945
20,76.0,9591,3,3,2,8,5,2004,2005,262.0,4,3,5.0,3.0,3.0,5.0,1088,0.0,0,625,1713,5,4.0,1713,0,0,1713,1,0,2,0,3,1,5,7,7,1,4.0,3.0,3,856,3.0,3.0,2,0,26,0,0,170,0,0.0,0.0,0,1,2009,-1,12.392730496570236
60,98.0,12203,2,3,2,8,5,1998,1999,975.0,4,3,4.0,3.0,1.0,5.0,854,0.0,0,371,1225,5,4.0,1276,1336,0,2612,1,0,2,1,4,1,4,8,7,1,3.0,3.0,3,676,3.0,3.0,2,250,0,0,0,0,0,0.0,0.0,0,7,2009,-1,12.612336052725666
20,60.0,7350,3,3,2,5,7,1951,1951,0.0,3,3,3.0,3.0,2.0,4.0,852,0.0,0,100,952,3,4.0,952,0,0,952,1,0,1,0,2,1,3,4,7,0,0.0,1.0,2,840,3.0,3.0,2,0,0,0,0,0,0,0.0,0.0,0,6,2008,0,11.842229212112828
20,80.0,9920,3,3,2,5,5,1954,1954,110.0,3,3,3.0,3.0,1.0,2.0,354,1.0,290,412,1056,3,4.0,1063,0,0,1063,1,0,1,0,3,1,3,6,7,0,0.0,2.0,1,280,3.0,3.0,2,0,0,164,0,0,0,0.0,3.0,0,2,2010,-1,11.426512615780469
20,60.0,7200,3,3,2,5,7,1950,1950,0.0,3,3,3.0,3.0,1.0,3.0,534,2.0,96,246,876,3,4.0,988,0,0,988,0,0,1,0,3,1,3,6,7,0,0.0,1.0,1,276,3.0,3.0,2,0,80,0,0,0,0,0.0,0.0,0,5,2007,-1,11.338166239909869
80,85.0,9350,3,3,2,5,8,1965,1999,0.0,3,4,3.0,3.0,4.0,4.0,633,0.0,0,586,1219,4,4.0,1265,0,0,1265,0,1,2,0,3,1,4,6,7,1,4.0,2.0,2,502,3.0,3.0,2,0,92,0,96,0,0,0.0,3.0,0,10,2008,0,12.100156419938624
60,57.0,21872,1,3,2,7,5,1996,1997,0.0,3,3,4.0,3.0,4.0,5.0,604,0.0,0,125,729,5,4.0,729,717,0,1446,0,1,2,1,3,1,3,6,7,1,3.0,1.0,2,406,3.0,3.0,2,264,22,0,0,0,0,0.0,0.0,0,8,2008,-1,11.852482639614784
20,85.0,10000,3,3,2,8,5,2006,2006,410.0,4,3,4.0,4.0,3.0,0.0,0,0.0,0,1588,1588,5,4.0,1588,0,0,1588,0,0,2,0,3,1,4,7,7,1,4.0,2.0,3,825,3.0,3.0,2,144,45,0,0,0,0,0.0,0.0,0,12,2007,1,12.472508090738135
60,74.0,10927,3,3,2,8,5,2005,2005,280.0,4,3,4.0,3.0,3.0,5.0,546,0.0,0,512,1058,5,4.0,1058,846,0,1904,1,0,2,1,3,1,5,8,7,1,4.0,3.0,2,736,3.0,3.0,2,179,60,0,0,0,0,0.0,0.0,0,6,2006,0,12.524526376648708
20,80.0,9600,3,3,2,7,6,1973,1973,320.0,3,3,3.0,3.0,1.0,4.0,916,0.0,0,326,1242,2,4.0,1242,0,0,1242,0,0,1,1,3,1,3,6,7,1,3.0,1.0,2,528,3.0,3.0,2,0,0,0,0,0,0,0.0,0.0,0,9,2007,1,12.253467203759936
45,58.0,6380,3,3,2,5,6,1922,1950,0.0,3,3,3.0,2.0,1.0,0.0,0,0.0,0,993,993,3,3.0,1048,0,0,1048,0,0,1,0,2,1,3,5,7,1,4.0,1.0,1,280,3.0,3.0,2,0,0,116,0,0,0,0.0,0.0,0,8,2006,1,11.907246054057593
80,55.0,10780,2,3,2,5,5,1976,1976,0.0,3,3,3.0,3.0,3.0,4.0,483,0.0,0,428,911,4,4.0,954,0,0,954,0,0,1,0,3,1,3,6,7,0,0.0,1.0,2,576,3.0,3.0,2,0,0,0,0,0,0,0.0,0.0,0,7,2006,1,12.027878035828826
90,55.0,12640,2,3,2,6,5,1976,1976,0.0,3,3,3.0,3.0,4.0,2.0,936,1.0,396,396,1728,3,4.0,1728,0,0,1728,0,0,2,0,4,2,3,8,7,0,0.0,1.0,2,574,3.0,3.0,2,40,0,0,0,0,0,0.0,0.0,0,7,2006,0,11.924372644755941
50,51.0,6171,3,3,2,6,6,1925,1990,0.0,3,3,3.0,3.0,1.0,3.0,264,0.0,0,712,976,5,4.0,1160,448,0,1608,0,0,2,1,3,1,4,7,7,1,4.0,1.0,1,216,2.0,3.0,2,147,16,0,0,0,0,0.0,3.0,0,10,2009,1,12.058932966218926
80,78.0,12090,3,3,2,6,7,1984,2003,74.0,3,3,4.0,3.0,1.0,0.0,0,0.0,0,585,585,5,4.0,1140,728,0,1868,0,0,3,1,3,1,3,7,7,1,3.0,3.0,2,477,3.0,3.0,2,268,112,0,0,147,0,0.0,0.0,0,1,2007,-1,11.87465935722136
60,64.0,8320,3,3,2,7,5,2004,2004,0.0,4,3,4.0,3.0,1.0,5.0,490,0.0,0,280,770,5,4.0,770,812,0,1582,0,0,2,1,3,1,4,6,7,0,0.0,2.0,2,520,3.0,3.0,2,0,45,0,0,0,0,0.0,0.0,0,9,2008,-1,11.930029799227896
190,60.0,9873,3,3,2,4,5,1970,1970,160.0,3,3,3.0,3.0,3.0,4.0,789,0.0,0,171,960,3,4.0,960,0,0,960,1,0,1,0,3,1,3,6,7,0,0.0,1.0,2,576,3.0,3.0,2,0,288,0,0,0,0,0.0,0.0,0,5,2006,1,12.007031818759817
70,120.0,13728,3,3,2,6,7,1935,1986,0.0,3,3,3.0,3.0,1.0,2.0,626,0.0,0,501,1127,5,4.0,1236,872,0,2108,0,0,2,0,4,1,4,7,7,2,3.0,1.0,2,540,3.0,3.0,2,0,0,0,0,90,0,0.0,0.0,0,7,2008,-1,12.19912721769695
60,64.0,8633,3,3,2,6,5,2005,2005,0.0,4,3,4.0,3.0,1.0,5.0,193,0.0,0,545,738,5,4.0,738,738,0,1476,1,0,2,1,3,1,4,7,7,0,0.0,3.0,2,540,3.0,3.0,2,100,35,0,0,0,0,0.0,0.0,0,2,2009,-1,11.830713470164808
50,59.0,5310,3,3,2,6,8,1910,2003,0.0,3,4,3.0,2.0,1.0,0.0,0,0.0,0,485,485,4,4.0,1001,634,0,1635,0,0,1,0,2,1,4,5,7,0,0.0,1.0,1,255,2.0,3.0,2,394,0,0,0,0,0,0.0,0.0,0,6,2006,1,11.931612098632472
20,93.0,9382,2,3,2,7,5,1999,2000,125.0,4,3,4.0,3.0,1.0,0.0,0,0.0,0,1468,1468,5,4.0,1479,0,0,1479,0,0,2,0,3,1,4,6,7,0,0.0,2.0,2,577,3.0,3.0,2,120,25,0,0,0,0,0.0,0.0,0,7,2008,0,12.160028707028767
60,75.0,8004,2,3,2,8,5,2009,2009,110.0,4,3,4.0,3.0,1.0,5.0,544,0.0,0,288,832,5,4.0,832,1103,0,1935,1,0,2,1,3,1,3,8,7,0,0.0,3.0,2,552,3.0,3.0,2,0,150,0,0,0,0,0.0,0.0,0,12,2009,-1,12.330368978503007
30,153.0,4118,2,3,1,4,4,1941,1950,0.0,3,3,3.0,3.0,1.0,0.0,0,0.0,0,693,693,2,3.0,693,0,0,693,0,0,1,0,2,1,2,4,7,0,0.0,0.0,0,0,0.0,0.0,0,0,20,0,0,0,0,0.0,0.0,0,3,2006,-1,9.680923449756063
20,81.0,9672,3,3,2,6,5,1984,1985,0.0,3,3,4.0,3.0,1.0,5.0,338,0.0,0,702,1040,3,4.0,1097,0,0,1097,0,0,2,0,3,1,3,6,7,0,0.0,1.0,2,480,3.0,3.0,2,0,0,0,0,0,0,0.0,4.0,0,5,2010,-1,11.66819332319966
20,80.0,8700,3,3,2,5,6,1963,1963,148.0,3,4,3.0,3.0,2.0,4.0,776,0.0,0,344,1120,4,4.0,1128,0,0,1128,1,0,2,0,3,1,3,6,7,0,0.0,2.0,2,525,3.0,3.0,2,192,20,123,0,0,0,0.0,3.0,0,12,2008,1,12.159182751269553
20,86.0,13286,2,3,2,9,5,2007,2008,340.0,5,3,5.0,3.0,1.0,5.0,1234,0.0,0,464,1698,5,4.0,1698,0,0,1698,1,0,2,0,3,1,5,8,7,1,4.0,3.0,3,768,3.0,3.0,2,327,64,0,0,0,0,0.0,0.0,0,2,2009,-1,12.564963780878948
60,43.0,10667,1,3,2,7,6,1996,1996,0.0,4,3,4.0,3.0,3.0,5.0,385,4.0,344,70,799,5,4.0,827,834,0,1661,1,0,2,1,3,1,4,6,7,1,3.0,2.0,2,550,3.0,3.0,2,158,61,0,0,0,0,0.0,0.0,0,4,2009,0,12.26434155365415
120,37.0,4435,3,3,2,6,5,2003,2003,170.0,4,3,4.0,3.0,3.0,5.0,686,0.0,0,162,848,5,4.0,848,0,0,848,1,0,1,0,1,1,4,3,7,0,0.0,3.0,2,420,3.0,3.0,2,140,0,0,0,0,0,0.0,0.0,0,3,2008,1,12.061211417319942
60,74.0,8834,3,3,2,9,5,2004,2005,216.0,4,3,5.0,3.0,1.0,5.0,1170,0.0,0,292,1462,5,4.0,1462,762,0,2224,1,0,2,1,4,1,5,10,7,1,4.0,3.0,3,738,3.0,3.0,2,184,0,0,0,0,0,0.0,0.0,0,6,2009,1,12.865648972822996
160,21.0,1533,3,3,2,4,6,1970,2008,0.0,3,3,3.0,3.0,1.0,0.0,0,0.0,0,546,546,3,4.0,798,546,0,1344,0,0,1,1,3,1,3,6,7,1,3.0,0.0,0,0,0.0,0.0,2,0,0,0,0,0,0,0.0,0.0,0,5,2009,-1,11.054467181595362
20,67.0,10083,3,3,2,7,5,2003,2003,0.0,4,3,4.0,3.0,1.0,5.0,833,0.0,0,343,1176,5,4.0,1200,0,0,1200,1,0,2,0,2,1,4,5,7,0,0.0,2.0,2,555,3.0,3.0,2,0,41,0,0,0,0,0.0,0.0,0,8,2009,1,12.302927152474762
60,84.03980099502488,16659,2,3,2,7,7,1977,1994,34.0,3,3,3.0,3.0,1.0,4.0,795,0.0,0,0,795,2,4.0,1468,795,0,2263,1,0,2,1,3,1,4,9,7,1,3.0,3.0,2,539,3.0,3.0,2,0,250,0,0,0,0,0.0,0.0,0,3,2006,0,12.367340793126296
50,80.0,17120,3,3,2,4,4,1959,1959,0.0,3,3,0.0,0.0,0.0,0.0,0,0.0,0,0,0,3,4.0,1120,468,0,1588,0,0,2,0,4,1,3,7,5,1,4.0,3.0,2,680,3.0,3.0,0,0,59,0,0,0,0,0.0,0.0,0,7,2008,1,12.043141856472513
120,40.0,4671,2,3,2,8,5,1988,1989,0.0,4,3,4.0,3.0,2.0,5.0,767,0.0,0,461,1228,4,4.0,1228,0,0,1228,1,0,2,0,2,1,4,5,7,1,4.0,3.0,2,472,3.0,3.0,2,168,120,0,0,0,0,0.0,0.0,0,10,2008,1,12.320342929658134
20,43.0,13568,1,3,2,5,5,1995,1995,0.0,3,3,4.0,3.0,1.0,4.0,716,0.0,0,274,990,5,4.0,990,0,0,990,0,1,1,0,3,1,3,5,7,0,0.0,1.0,2,576,3.0,3.0,2,224,0,0,0,0,0,0.0,0.0,0,7,2006,-1,11.698147883100313
